"date","price"
"2000-01-03",806.355041503906
"2000-01-04",765.140502929688
"2000-01-05",766.958679199219
"2000-01-06",790.354309082031
"2000-01-07",849.50927734375
"2000-01-10",834.47802734375
"2000-01-11",820.901794433594
"2000-01-12",845.630493164062
"2000-01-13",868.904724121094
"2000-01-14",884.905456542969
"2000-01-18",840.781555175781
"2000-01-19",824.295654296875
"2000-01-20",817.264709472656
"2000-01-21",806.355041503906
"2000-01-24",787.929504394531
"2000-01-25",798.597106933594
"2000-01-26",818.477172851562
"2000-01-27",816.53759765625
"2000-01-28",791.323364257812
"2000-01-31",809.749206542969
"2000-02-01",794.233154296875
"2000-02-02",793.748229980469
"2000-02-03",785.990173339844
"2000-02-04",781.6259765625
"2000-02-07",757.382507324219
"2000-02-08",744.290466308594
"2000-02-09",754.958312988281
"2000-02-10",731.683410644531
"2000-02-11",735.5625
"2000-02-14",726.834594726562
"2000-02-15",748.169250488281
"2000-02-16",729.259399414062
"2000-02-17",718.592102050781
"2000-02-18",693.863098144531
"2000-02-22",673.013061523438
"2000-02-23",663.3154296875
"2000-02-24",644.89013671875
"2000-02-25",648.769104003906
"2000-02-28",676.407470703125
"2000-02-29",686.104919433594
"2000-03-01",695.225708007812
"2000-03-02",675.334045410156
"2000-03-03",678.245422363281
"2000-03-06",657.868957519531
"2000-03-07",632.15576171875
"2000-03-08",644.284362792969
"2000-03-09",643.799499511719
"2000-03-10",644.284362792969
"2000-03-13",669.512878417969
"2000-03-14",665.631164550781
"2000-03-15",709.780395507812
"2000-03-16",775.761474609375
"2000-03-17",755.870239257812
"2000-03-20",768.484069824219
"2000-03-21",780.128051757812
"2000-03-22",772.365295410156
"2000-03-23",809.722045898438
"2000-03-24",835.435363769531
"2000-03-27",808.266479492188
"2000-03-28",809.722045898438
"2000-03-29",826.217224121094
"2000-03-30",843.682861328125
"2000-03-31",849.990051269531
"2000-04-03",913.060241699219
"2000-04-04",891.712951660156
"2000-04-05",852.901000976562
"2000-04-06",863.089111328125
"2000-04-07",844.168029785156
"2000-04-10",878.128784179688
"2000-04-11",899.9609375
"2000-04-12",897.53515625
"2000-04-13",880.06982421875
"2000-04-14",837.375793457031
"2000-04-17",788.860656738281
"2000-04-18",816.514526367188
"2000-04-19",815.058532714844
"2000-04-20",841.257263183594
"2000-04-24",868.425659179688
"2000-04-25",892.683410644531
"2000-04-26",884.921325683594
"2000-04-27",858.237182617188
"2000-04-28",851.445434570312
"2000-05-01",854.356384277344
"2000-05-02",869.396301269531
"2000-05-03",850.474914550781
"2000-05-04",853.87109375
"2000-05-05",866.000183105469
"2000-05-08",897.049743652344
"2000-05-09",884.921325683594
"2000-05-10",887.346557617188
"2000-05-11",896.079223632812
"2000-05-12",891.955871582031
"2000-05-15",934.891784667969
"2000-05-16",952.357299804688
"2000-05-17",916.941162109375
"2000-05-18",920.822143554688
"2000-05-19",903.356689453125
"2000-05-22",928.584716796875
"2000-05-23",881.525024414062
"2000-05-24",892.683410644531
"2000-05-25",889.772338867188
"2000-05-26",881.525024414062
"2000-05-30",883.465515136719
"2000-05-31",874.146606445312
"2000-06-01",910.548828125
"2000-06-02",921.226989746094
"2000-06-05",898.900329589844
"2000-06-06",905.695495605469
"2000-06-07",928.022277832031
"2000-06-08",928.992858886719
"2000-06-09",912.976135253906
"2000-06-12",928.264770507812
"2000-06-13",949.863708496094
"2000-06-14",943.55419921875
"2000-06-15",957.144470214844
"2000-06-16",916.373718261719
"2000-06-19",913.461608886719
"2000-06-20",893.561096191406
"2000-06-21",899.385681152344
"2000-06-22",895.502502441406
"2000-06-23",913.946411132812
"2000-06-26",913.461608886719
"2000-06-27",927.051513671875
"2000-06-28",936.637634277344
"2000-06-29",950.349243164062
"2000-06-30",912.490417480469
"2000-07-03",920.25634765625
"2000-07-05",936.759155273438
"2000-07-06",929.478637695312
"2000-07-07",945.494995117188
"2000-07-10",944.03955078125
"2000-07-11",943.068603515625
"2000-07-12",942.583435058594
"2000-07-13",933.846862792969
"2000-07-14",930.934509277344
"2000-07-17",927.051513671875
"2000-07-18",925.595458984375
"2000-07-19",926.080810546875
"2000-07-20",946.466247558594
"2000-07-21",917.829345703125
"2000-07-24",926.080810546875
"2000-07-25",961.027526855469
"2000-07-26",969.764099121094
"2000-07-27",1007.62225341797
"2000-07-28",996.459289550781
"2000-07-31",1021.45526123047
"2000-08-01",1025.095703125
"2000-08-02",998.886352539062
"2000-08-03",1007.62225341797
"2000-08-04",1032.3759765625
"2000-08-07",1036.74462890625
"2000-08-08",1036.74462890625
"2000-08-09",1022.18334960938
"2000-08-10",1005.43835449219
"2000-08-11",1009.07873535156
"2000-08-14",1021.45526123047
"2000-08-15",1010.53479003906
"2000-08-16",1003.98272705078
"2000-08-17",1019.27142333984
"2000-08-18",1012.71917724609
"2000-08-21",1024.36791992188
"2000-08-22",1017.81524658203
"2000-08-23",1003.98272705078
"2000-08-24",986.508911132812
"2000-08-25",985.052856445312
"2000-08-28",1009.07873535156
"2000-08-29",1003.98272705078
"2000-08-30",1019.70928955078
"2000-08-31",1038.82861328125
"2000-09-01",1031.36279296875
"2000-09-05",1032.81982421875
"2000-09-06",1022.62225341797
"2000-09-07",1011.69714355469
"2000-09-08",1035.00463867188
"2000-09-11",1067.05261230469
"2000-09-12",1080.7099609375
"2000-09-13",1069.23779296875
"2000-09-14",1072.15148925781
"2000-09-15",1051.75659179688
"2000-09-18",1029.90637207031
"2000-09-19",1050.29956054688
"2000-09-20",1032.09118652344
"2000-09-21",1033.54809570312
"2000-09-22",1065.59606933594
"2000-09-25",1077.25
"2000-09-26",1075.06457519531
"2000-09-27",1085.26171875
"2000-09-28",1104.19934082031
"2000-09-29",1115.12475585938
"2000-10-02",1125.32189941406
"2000-10-03",1119.49536132812
"2000-10-04",1115.85314941406
"2000-10-05",1118.76647949219
"2000-10-06",1091.08911132812
"2000-10-09",1087.44653320312
"2000-10-10",1082.34838867188
"2000-10-11",1096.91589355469
"2000-10-12",1050.29956054688
"2000-10-13",1080.16296386719
"2000-10-16",1077.97802734375
"2000-10-17",1069.23779296875
"2000-10-18",1084.53369140625
"2000-10-19",1102.74267578125
"2000-10-20",1107.8408203125
"2000-10-23",1112.21130371094
"2000-10-24",1136.24743652344
"2000-10-25",1158.09814453125
"2000-10-26",1087.44653320312
"2000-10-27",1103.47106933594
"2000-10-30",1153.72875976562
"2000-10-31",1142.07397460938
"2000-11-01",1131.14831542969
"2000-11-02",1121.67993164062
"2000-11-03",1106.38391113281
"2000-11-06",1139.88916015625
"2000-11-07",1158.09814453125
"2000-11-08",1152.27172851562
"2000-11-09",1171.20849609375
"2000-11-10",1167.56665039062
"2000-11-13",1139.16088867188
"2000-11-14",1148.6298828125
"2000-11-15",1142.07397460938
"2000-11-16",1143.53076171875
"2000-11-17",1134.06176757812
"2000-11-20",1128.9638671875
"2000-11-21",1112.21130371094
"2000-11-22",1077.97802734375
"2000-11-24",1082.34838867188
"2000-11-27",1080.16296386719
"2000-11-28",1091.81750488281
"2000-11-29",1119.20837402344
"2000-11-30",1130.13854980469
"2000-12-01",1135.96728515625
"2000-12-04",1149.81237792969
"2000-12-05",1166.57092285156
"2000-12-06",1180.41540527344
"2000-12-07",1186.97326660156
"2000-12-08",1208.83264160156
"2000-12-11",1166.57092285156
"2000-12-12",1160.01293945312
"2000-12-13",1139.61096191406
"2000-12-14",1125.76647949219
"2000-12-15",1116.2939453125
"2000-12-18",1146.89709472656
"2000-12-19",1095.8916015625
"2000-12-20",1087.8759765625
"2000-12-21",1129.40991210938
"2000-12-22",1128.68115234375
"2000-12-26",1137.42517089844
"2000-12-27",1160.01293945312
"2000-12-28",1154.91235351562
"2000-12-29",1149.08361816406
"2001-01-02",1129.40991210938
"2001-01-03",1118.47985839844
"2001-01-04",1037.59936523438
"2001-01-05",1024.48413085938
"2001-01-08",1031.04138183594
"2001-01-09",1014.28326416016
"2001-01-10",1008.45300292969
"2001-01-11",982.950927734375
"2001-01-12",958.176696777344
"2001-01-16",988.77978515625
"2001-01-17",990.965881347656
"2001-01-18",1008.45300292969
"2001-01-19",980.764343261719
"2001-01-22",986.594177246094
"2001-01-23",1002.62390136719
"2001-01-24",1024.48413085938
"2001-01-25",1033.22814941406
"2001-01-26",1023.02661132812
"2001-01-29",1018.712890625
"2001-01-30",1017.78045654297
"2001-01-31",991.199279785156
"2001-02-01",997.261535644531
"2001-02-02",1007.17120361328
"2001-02-05",1028.15649414062
"2001-02-06",1009.03643798828
"2001-02-07",1013.11700439453
"2001-02-08",999.126647949219
"2001-02-09",1010.55181884766
"2001-02-12",1043.42895507812
"2001-02-13",1037.3662109375
"2001-02-14",1002.857421875
"2001-02-15",1009.85260009766
"2001-02-16",1009.85260009766
"2001-02-20",986.302490234375
"2001-02-21",947.829650878906
"2001-02-22",956.573608398438
"2001-02-23",942.58349609375
"2001-02-26",950.161682128906
"2001-02-27",986.536315917969
"2001-02-28",954.076110839844
"2001-03-01",958.158569335938
"2001-03-02",959.324890136719
"2001-03-05",956.991882324219
"2001-03-06",944.512023925781
"2001-03-07",957.342041015625
"2001-03-08",977.169921875
"2001-03-09",953.143249511719
"2001-03-12",910.9208984375
"2001-03-13",918.969177246094
"2001-03-14",882.928588867188
"2001-03-15",918.502319335938
"2001-03-16",909.7548828125
"2001-03-19",898.091430664062
"2001-03-20",898.674072265625
"2001-03-21",880.479309082031
"2001-03-22",876.164123535156
"2001-03-23",880.012512207031
"2001-03-26",905.905639648438
"2001-03-27",923.984069824219
"2001-03-28",923.401245117188
"2001-03-29",911.037841796875
"2001-03-30",938.913940429688
"2001-04-02",967.489379882812
"2001-04-03",935.530822753906
"2001-04-04",896.225280761719
"2001-04-05",903.223205566406
"2001-04-06",892.842529296875
"2001-04-09",888.526733398438
"2001-04-10",899.024536132812
"2001-04-11",897.974548339844
"2001-04-12",907.421936035156
"2001-04-16",904.505920410156
"2001-04-17",915.586242675781
"2001-04-18",933.198608398438
"2001-04-19",952.326599121094
"2001-04-20",921.418579101562
"2001-04-23",909.638366699219
"2001-04-24",900.423889160156
"2001-04-25",917.452575683594
"2001-04-26",931.332153320312
"2001-04-27",941.24658203125
"2001-04-30",954.076110839844
"2001-05-01",966.905578613281
"2001-05-02",958.741455078125
"2001-05-03",964.573486328125
"2001-05-04",983.817932128906
"2001-05-07",981.951965332031
"2001-05-08",979.735778808594
"2001-05-09",978.103271484375
"2001-05-10",968.072326660156
"2001-05-11",957.574768066406
"2001-05-14",960.491333007812
"2001-05-15",967.489379882812
"2001-05-16",988.017272949219
"2001-05-17",978.103271484375
"2001-05-18",975.303894042969
"2001-05-21",987.667358398438
"2001-05-22",970.405029296875
"2001-05-23",956.408508300781
"2001-05-24",963.523559570312
"2001-05-25",960.024353027344
"2001-05-29",959.091430664062
"2001-05-30",952.871948242188
"2001-05-31",945.170593261719
"2001-06-01",934.552185058594
"2001-06-04",945.987731933594
"2001-06-05",953.338806152344
"2001-06-06",945.170593261719
"2001-06-07",946.337585449219
"2001-06-08",942.370361328125
"2001-06-11",944.587646484375
"2001-06-12",943.536987304688
"2001-06-13",939.5693359375
"2001-06-14",942.253356933594
"2001-06-15",955.089416503906
"2001-06-18",963.257202148438
"2001-06-19",976.209777832031
"2001-06-20",977.259887695312
"2001-06-21",1001.18054199219
"2001-06-22",992.079284667969
"2001-06-25",985.427673339844
"2001-06-26",985.427673339844
"2001-06-27",991.028686523438
"2001-06-28",1009.46514892578
"2001-06-29",991.96240234375
"2001-07-02",1009.23217773438
"2001-07-03",1015.88336181641
"2001-07-05",995.578979492188
"2001-07-06",984.727600097656
"2001-07-09",994.413024902344
"2001-07-10",980.526672363281
"2001-07-11",974.342224121094
"2001-07-12",981.34375
"2001-07-13",986.128295898438
"2001-07-16",995.229431152344
"2001-07-17",993.246154785156
"2001-07-18",993.946228027344
"2001-07-19",990.678527832031
"2001-07-20",980.2939453125
"2001-07-23",971.541748046875
"2001-07-24",967.224426269531
"2001-07-25",964.657409667969
"2001-07-26",960.106506347656
"2001-07-27",953.572448730469
"2001-07-30",964.190551757812
"2001-07-31",971.425109863281
"2001-08-01",963.840698242188
"2001-08-02",962.090148925781
"2001-08-03",952.638610839844
"2001-08-06",951.005004882812
"2001-08-07",956.165161132812
"2001-08-08",953.246459960938
"2001-08-09",950.32763671875
"2001-08-10",953.596557617188
"2001-08-13",945.074523925781
"2001-08-14",937.602233886719
"2001-08-15",950.794860839844
"2001-08-16",947.759155273438
"2001-08-17",924.760009765625
"2001-08-20",912.268005371094
"2001-08-21",913.318908691406
"2001-08-22",905.730285644531
"2001-08-23",903.628784179688
"2001-08-24",901.294006347656
"2001-08-27",896.039916992188
"2001-08-28",901.294006347656
"2001-08-29",911.801086425781
"2001-08-30",916.471069335938
"2001-08-31",912.968444824219
"2001-09-04",893.121398925781
"2001-09-05",863.817504882812
"2001-09-06",882.030334472656
"2001-09-07",854.010986328125
"2001-09-10",866.969665527344
"2001-09-17",828.910034179688
"2001-09-18",817.818603515625
"2001-09-19",811.397644042969
"2001-09-20",804.392395019531
"2001-09-21",782.794799804688
"2001-09-24",828.910034179688
"2001-09-25",858.680786132812
"2001-09-26",881.446655273438
"2001-09-27",887.284301757812
"2001-09-28",910.633544921875
"2001-10-01",895.923583984375
"2001-10-02",915.886840820312
"2001-10-03",942.156005859375
"2001-10-04",935.61767578125
"2001-10-05",922.541870117188
"2001-10-08",897.207702636719
"2001-10-09",903.044921875
"2001-10-10",942.156005859375
"2001-10-11",981.266174316406
"2001-10-12",977.062561035156
"2001-10-15",990.839599609375
"2001-10-16",1004.14886474609
"2001-10-17",997.027221679688
"2001-10-18",969.007568359375
"2001-10-19",952.662963867188
"2001-10-22",990.138732910156
"2001-10-23",978.580810546875
"2001-10-24",978.34716796875
"2001-10-25",979.398559570312
"2001-10-26",978.34716796875
"2001-10-29",945.658142089844
"2001-10-30",950.794860839844
"2001-10-31",917.638610839844
"2001-11-01",938.068969726562
"2001-11-02",952.662963867188
"2001-11-05",957.332702636719
"2001-11-06",967.255859375
"2001-11-07",945.307495117188
"2001-11-08",944.140441894531
"2001-11-09",930.364379882812
"2001-11-12",931.648376464844
"2001-11-13",944.490478515625
"2001-11-14",948.460083007812
"2001-11-15",956.749267578125
"2001-11-16",947.059265136719
"2001-11-19",949.160278320312
"2001-11-20",945.074523925781
"2001-11-21",935.150268554688
"2001-11-23",944.490478515625
"2001-11-26",945.074523925781
"2001-11-27",963.870788574219
"2001-11-28",966.672424316406
"2001-11-29",970.759399414062
"2001-11-30",962.0029296875
"2001-12-03",954.4140625
"2001-12-04",957.332702636719
"2001-12-05",967.518127441406
"2001-12-06",949.997253417969
"2001-12-07",956.655151367188
"2001-12-10",929.789428710938
"2001-12-11",930.958068847656
"2001-12-12",939.134155273438
"2001-12-13",929.906005859375
"2001-12-14",936.914428710938
"2001-12-17",945.558898925781
"2001-12-18",950.814697265625
"2001-12-19",951.982971191406
"2001-12-20",942.054138183594
"2001-12-21",934.461730957031
"2001-12-24",928.621398925781
"2001-12-26",928.621398925781
"2001-12-27",933.410339355469
"2001-12-28",937.031982421875
"2001-12-31",927.453308105469
"2002-01-02",919.860900878906
"2002-01-03",917.875122070312
"2002-01-04",908.763854980469
"2002-01-07",897.08349609375
"2002-01-08",890.0751953125
"2002-01-09",907.595764160156
"2002-01-10",909.932373046875
"2002-01-11",911.683898925781
"2002-01-14",905.493225097656
"2002-01-15",920.328552246094
"2002-01-16",919.510681152344
"2002-01-17",929.906005859375
"2002-01-18",928.621398925781
"2002-01-22",923.365051269531
"2002-01-23",901.755920410156
"2002-01-24",903.85791015625
"2002-01-25",911.217102050781
"2002-01-28",895.564880371094
"2002-01-29",850.827392578125
"2002-01-30",832.722351074219
"2002-01-31",866.129028320312
"2002-02-01",855.616577148438
"2002-02-04",825.363220214844
"2002-02-05",819.406311035156
"2002-02-06",826.414855957031
"2002-02-07",830.61962890625
"2002-02-08",864.377014160156
"2002-02-11",866.245971679688
"2002-02-12",864.0263671875
"2002-02-13",900.353759765625
"2002-02-14",901.405212402344
"2002-02-15",867.297485351562
"2002-02-19",849.776428222656
"2002-02-20",861.106811523438
"2002-02-21",829.802001953125
"2002-02-22",821.508666992188
"2002-02-25",835.175231933594
"2002-02-26",846.855895996094
"2002-02-27",861.722595214844
"2002-02-28",864.527099609375
"2002-03-01",861.722595214844
"2002-03-04",882.175659179688
"2002-03-05",884.04541015625
"2002-03-06",890.006225585938
"2002-03-07",873.643676757812
"2002-03-08",872.591735839844
"2002-03-11",857.982604980469
"2002-03-12",863.943542480469
"2002-03-13",863.943542480469
"2002-03-14",873.760803222656
"2002-03-15",881.240417480469
"2002-03-18",867.800231933594
"2002-03-19",864.293762207031
"2002-03-20",853.307434082031
"2002-03-21",846.177917480469
"2002-03-22",844.308532714844
"2002-03-25",826.192260742188
"2002-03-26",836.711181640625
"2002-03-27",844.89208984375
"2002-03-28",843.139099121094
"2002-04-01",828.646667480469
"2002-04-02",844.308532714844
"2002-04-03",838.581420898438
"2002-04-04",854.943664550781
"2002-04-05",867.215698242188
"2002-04-08",869.436340332031
"2002-04-09",879.604309082031
"2002-04-10",875.2802734375
"2002-04-11",850.853149414062
"2002-04-12",861.956359863281
"2002-04-15",844.424987792969
"2002-04-16",848.632751464844
"2002-04-17",852.956420898438
"2002-04-18",841.5029296875
"2002-04-19",827.361022949219
"2002-04-22",814.73876953125
"2002-04-23",796.155517578125
"2002-04-24",798.726989746094
"2002-04-25",798.726989746094
"2002-04-26",803.051208496094
"2002-04-29",797.90869140625
"2002-04-30",807.84326171875
"2002-05-01",825.257141113281
"2002-05-02",835.776062011719
"2002-05-03",825.374328613281
"2002-05-06",812.8681640625
"2002-05-07",790.662231445312
"2002-05-08",817.54345703125
"2002-05-09",807.492553710938
"2002-05-10",798.259155273438
"2002-05-13",798.960388183594
"2002-05-14",795.571411132812
"2002-05-15",770.209228515625
"2002-05-16",803.051208496094
"2002-05-17",813.686706542969
"2002-05-20",794.168518066406
"2002-05-21",782.247314453125
"2002-05-22",794.870056152344
"2002-05-23",798.259155273438
"2002-05-24",792.415283203125
"2002-05-28",783.649780273438
"2002-05-29",784.000122070312
"2002-05-30",784.234252929688
"2002-05-31",782.714721679688
"2002-06-03",754.430908203125
"2002-06-04",753.846740722656
"2002-06-05",761.015869140625
"2002-06-06",748.501586914062
"2002-06-07",760.196594238281
"2002-06-10",755.518920898438
"2002-06-11",736.806457519531
"2002-06-12",750.840759277344
"2002-06-13",734.935119628906
"2002-06-14",753.8818359375
"2002-06-17",804.639404296875
"2002-06-18",805.341125488281
"2002-06-19",799.727416992188
"2002-06-20",795.400146484375
"2002-06-21",783.588134765625
"2002-06-24",793.645690917969
"2002-06-25",786.628723144531
"2002-06-26",774.699340820312
"2002-06-27",782.418090820312
"2002-06-28",797.972961425781
"2002-07-01",784.991333007812
"2002-07-02",765.109008789062
"2002-07-03",765.810485839844
"2002-07-05",792.242492675781
"2002-07-08",791.774597167969
"2002-07-09",766.629699707031
"2002-07-10",729.789184570312
"2002-07-11",742.771057128906
"2002-07-12",742.654052734375
"2002-07-15",740.665649414062
"2002-07-16",716.573486328125
"2002-07-17",712.24609375
"2002-07-18",669.324523925781
"2002-07-19",664.412231445312
"2002-07-22",656.693542480469
"2002-07-23",597.6318359375
"2002-07-24",624.297180175781
"2002-07-25",621.139587402344
"2002-07-26",664.529357910156
"2002-07-29",726.981994628906
"2002-07-30",727.567016601562
"2002-07-31",747.566223144531
"2002-08-01",734.935119628906
"2002-08-02",704.644348144531
"2002-08-05",674.119567871094
"2002-08-06",709.322265625
"2002-08-07",726.046447753906
"2002-08-08",766.161682128906
"2002-08-09",783.002990722656
"2002-08-12",766.161682128906
"2002-08-13",728.73681640625
"2002-08-14",746.747497558594
"2002-08-15",760.196594238281
"2002-08-16",760.196594238281
"2002-08-19",794.230590820312
"2002-08-20",785.225219726562
"2002-08-21",776.80419921875
"2002-08-22",789.435791015625
"2002-08-23",766.629699707031
"2002-08-26",773.412292480469
"2002-08-27",755.167785644531
"2002-08-28",726.046447753906
"2002-08-29",730.958923339844
"2002-08-30",734.467346191406
"2002-09-03",697.276123046875
"2002-09-04",705.200500488281
"2002-09-05",682.6103515625
"2002-09-06",695.836669921875
"2002-09-09",714.5634765625
"2002-09-10",713.978637695312
"2002-09-11",714.446716308594
"2002-09-12",692.79345703125
"2002-09-13",685.887573242188
"2002-09-16",688.228515625
"2002-09-17",680.152099609375
"2002-09-18",687.526245117188
"2002-09-19",673.012878417969
"2002-09-20",659.552429199219
"2002-09-23",646.677307128906
"2002-09-24",631.9296875
"2002-09-25",650.305969238281
"2002-09-26",678.864807128906
"2002-09-27",646.443237304688
"2002-09-30",640.239868164062
"2002-10-01",682.02490234375
"2002-10-02",657.913635253906
"2002-10-03",639.303283691406
"2002-10-04",616.830749511719
"2002-10-07",613.904357910156
"2002-10-08",643.166015625
"2002-10-09",615.543151855469
"2002-10-10",652.529602050781
"2002-10-11",699.113464355469
"2002-10-14",682.376098632812
"2002-10-15",749.092346191406
"2002-10-16",730.599060058594
"2002-10-17",759.157836914062
"2002-10-18",745.698059082031
"2002-10-21",748.50732421875
"2002-10-22",746.751770019531
"2002-10-23",737.973083496094
"2002-10-24",750.96484375
"2002-10-25",765.595642089844
"2002-10-28",753.071838378906
"2002-10-29",754.125061035156
"2002-10-30",747.219665527344
"2002-10-31",732.12060546875
"2002-11-01",723.927490234375
"2002-11-04",746.049255371094
"2002-11-05",764.425048828125
"2002-11-06",770.862915039062
"2002-11-07",750.496948242188
"2002-11-08",754.593383789062
"2002-11-11",746.868103027344
"2002-11-12",749.560302734375
"2002-11-13",745.229736328125
"2002-11-14",769.575500488281
"2002-11-15",794.623229980469
"2002-11-18",778.353698730469
"2002-11-19",779.172973632812
"2002-11-20",789.005249023438
"2002-11-21",783.15283203125
"2002-11-22",766.649230957031
"2002-11-25",761.967346191406
"2002-11-26",729.779907226562
"2002-11-27",756.934020996094
"2002-11-29",762.552429199219
"2002-12-02",750.731018066406
"2002-12-03",735.39794921875
"2002-12-04",733.383117675781
"2002-12-05",716.281372070312
"2002-12-06",708.550720214844
"2002-12-09",697.774230957031
"2002-12-10",711.595703125
"2002-12-11",721.787048339844
"2002-12-12",703.865112304688
"2002-12-13",691.097351074219
"2002-12-16",718.038269042969
"2002-12-17",709.487670898438
"2002-12-18",691.566162109375
"2002-12-19",680.438293457031
"2002-12-20",691.917236328125
"2002-12-23",695.899963378906
"2002-12-24",694.494445800781
"2002-12-26",682.897827148438
"2002-12-27",663.921752929688
"2002-12-30",672.472778320312
"2002-12-31",677.626892089844
"2003-01-02",706.32470703125
"2003-01-03",704.216613769531
"2003-01-06",727.878051757812
"2003-01-07",713.704833984375
"2003-01-08",704.802062988281
"2003-01-09",730.923217773438
"2003-01-10",724.012329101562
"2003-01-13",735.843200683594
"2003-01-14",743.808166503906
"2003-01-15",737.834411621094
"2003-01-16",734.906188964844
"2003-01-17",725.301025390625
"2003-01-21",719.209716796875
"2003-01-22",707.496459960938
"2003-01-23",713.704833984375
"2003-01-24",656.425537109375
"2003-01-27",646.820434570312
"2003-01-28",655.956787109375
"2003-01-29",649.163391113281
"2003-01-30",623.744750976562
"2003-01-31",633.935302734375
"2003-02-03",648.10888671875
"2003-02-04",605.588806152344
"2003-02-05",595.280883789062
"2003-02-06",564.591430664062
"2003-02-07",547.021240234375
"2003-02-10",550.535339355469
"2003-02-11",555.689086914062
"2003-02-12",544.678344726562
"2003-02-13",561.8974609375
"2003-02-14",578.530395507812
"2003-02-18",596.452331542969
"2003-02-19",587.783996582031
"2003-02-20",582.864501953125
"2003-02-21",595.163696289062
"2003-02-24",581.575927734375
"2003-02-25",589.424194335938
"2003-02-26",579.350708007812
"2003-02-27",591.063903808594
"2003-02-28",577.359313964844
"2003-03-03",566.348510742188
"2003-03-04",557.0947265625
"2003-03-05",574.17822265625
"2003-03-06",559.521911621094
"2003-03-07",561.398071289062
"2003-03-10",531.4990234375
"2003-03-11",521.415161132812
"2003-03-12",524.112243652344
"2003-03-13",559.287475585938
"2003-03-14",574.061096191406
"2003-03-17",603.37353515625
"2003-03-18",597.745666503906
"2003-03-19",608.180847167969
"2003-03-20",610.8779296875
"2003-03-21",638.783569335938
"2003-03-24",609.353698730469
"2003-03-25",608.063598632812
"2003-03-26",603.37353515625
"2003-03-27",590.945129394531
"2003-03-28",584.496276855469
"2003-03-31",579.806518554688
"2003-04-01",593.290222167969
"2003-04-02",621.664916992188
"2003-04-03",615.568054199219
"2003-04-04",629.169250488281
"2003-04-07",634.2109375
"2003-04-08",629.051696777344
"2003-04-09",622.485900878906
"2003-04-10",623.071838378906
"2003-04-11",621.782043457031
"2003-04-14",629.755249023438
"2003-04-15",632.921203613281
"2003-04-16",619.906188964844
"2003-04-17",628.934692382812
"2003-04-21",639.01806640625
"2003-04-22",667.27587890625
"2003-04-23",683.221496582031
"2003-04-24",649.218872070312
"2003-04-25",641.949279785156
"2003-04-28",665.047729492188
"2003-04-29",663.288818359375
"2003-04-30",679.469787597656
"2003-05-01",671.731140136719
"2003-05-02",677.241760253906
"2003-05-05",675.131408691406
"2003-05-06",674.193786621094
"2003-05-07",663.054443359375
"2003-05-08",650.274353027344
"2003-05-09",659.537048339844
"2003-05-12",660.709716796875
"2003-05-13",652.150085449219
"2003-05-14",661.999084472656
"2003-05-15",671.965576171875
"2003-05-16",679.469787597656
"2003-05-19",654.96435546875
"2003-05-20",649.805603027344
"2003-05-21",649.922241210938
"2003-05-22",654.260803222656
"2003-05-23",644.763549804688
"2003-05-27",662.58544921875
"2003-05-28",665.047729492188
"2003-05-29",659.537048339844
"2003-05-30",678.648742675781
"2003-06-02",685.918640136719
"2003-06-03",678.883605957031
"2003-06-04",689.0576171875
"2003-06-05",691.521667480469
"2003-06-06",683.776672363281
"2003-06-09",673.567687988281
"2003-06-10",679.787414550781
"2003-06-11",696.098327636719
"2003-06-12",684.128662109375
"2003-06-13",682.955322265625
"2003-06-16",706.424926757812
"2003-06-17",703.725646972656
"2003-06-18",696.919494628906
"2003-06-19",679.43505859375
"2003-06-20",678.261474609375
"2003-06-23",671.455444335938
"2003-06-24",667.583068847656
"2003-06-25",653.032409667969
"2003-06-26",659.486145019531
"2003-06-27",653.501708984375
"2003-06-30",647.516967773438
"2003-07-01",651.7412109375
"2003-07-02",668.873901367188
"2003-07-03",662.771850585938
"2003-07-07",678.261474609375
"2003-07-08",680.6083984375
"2003-07-09",668.991088867188
"2003-07-10",655.379089355469
"2003-07-11",670.751159667969
"2003-07-14",685.771301269531
"2003-07-15",695.863464355469
"2003-07-16",701.730773925781
"2003-07-17",701.730773925781
"2003-07-18",704.312438964844
"2003-07-21",704.077819824219
"2003-07-22",710.884033203125
"2003-07-23",707.011352539062
"2003-07-24",729.89404296875
"2003-07-25",758.643737792969
"2003-07-28",759.23046875
"2003-07-29",742.567260742188
"2003-07-30",745.97021484375
"2003-07-31",753.363403320312
"2003-08-01",737.638244628906
"2003-08-04",732.241088867188
"2003-08-05",721.679748535156
"2003-08-06",728.602783203125
"2003-08-07",727.546875
"2003-08-08",729.89404296875
"2003-08-11",733.531433105469
"2003-08-12",741.628479003906
"2003-08-13",726.138549804688
"2003-08-14",736.230529785156
"2003-08-15",732.241088867188
"2003-08-18",735.174438476562
"2003-08-19",739.281921386719
"2003-08-20",723.557067871094
"2003-08-21",712.057189941406
"2003-08-22",699.266784667969
"2003-08-25",699.031982421875
"2003-08-26",708.419555664062
"2003-08-27",697.623657226562
"2003-08-28",697.741088867188
"2003-08-29",699.031982421875
"2003-09-02",692.460327148438
"2003-09-03",706.028747558594
"2003-09-04",701.32958984375
"2003-09-05",692.519104003906
"2003-09-08",699.920043945312
"2003-09-09",708.495727539062
"2003-09-10",711.66796875
"2003-09-11",706.616577148438
"2003-09-12",705.441589355469
"2003-09-15",691.344421386719
"2003-09-16",707.203918457031
"2003-09-17",701.564880371094
"2003-09-18",713.19482421875
"2003-09-19",708.965454101562
"2003-09-22",700.742492675781
"2003-09-23",702.269592285156
"2003-09-24",681.358947753906
"2003-09-25",681.358947753906
"2003-09-26",675.485168457031
"2003-09-29",683.826110839844
"2003-09-30",677.834289550781
"2003-10-01",703.679138183594
"2003-10-02",709.200744628906
"2003-10-03",711.315307617188
"2003-10-06",714.4873046875
"2003-10-07",717.541442871094
"2003-10-08",715.192016601562
"2003-10-09",714.956909179688
"2003-10-10",708.260620117188
"2003-10-13",721.770751953125
"2003-10-14",734.22314453125
"2003-10-15",734.105529785156
"2003-10-16",730.698913574219
"2003-10-17",717.541442871094
"2003-10-20",727.761657714844
"2003-10-21",719.773376464844
"2003-10-22",707.791015625
"2003-10-23",711.432861328125
"2003-10-24",706.968383789062
"2003-10-27",704.619262695312
"2003-10-28",709.083557128906
"2003-10-29",715.427001953125
"2003-10-30",711.902709960938
"2003-10-31",714.604553222656
"2003-11-03",725.999938964844
"2003-11-04",719.303649902344
"2003-11-05",705.206237792969
"2003-11-06",703.326721191406
"2003-11-07",684.648315429688
"2003-11-10",697.570678710938
"2003-11-11",699.802856445312
"2003-11-12",699.920043945312
"2003-11-13",695.103637695312
"2003-11-14",685.000793457031
"2003-11-17",684.765930175781
"2003-11-18",679.5966796875
"2003-11-19",682.41650390625
"2003-11-20",666.791687011719
"2003-11-21",664.794738769531
"2003-11-24",674.310424804688
"2003-11-25",671.725891113281
"2003-11-26",686.645324707031
"2003-11-28",680.771667480469
"2003-12-01",694.986145019531
"2003-12-02",685.000793457031
"2003-12-03",682.589782714844
"2003-12-04",692.939208984375
"2003-12-05",689.528625488281
"2003-12-08",694.467956542969
"2003-12-09",704.582275390625
"2003-12-10",701.877014160156
"2003-12-11",715.519714355469
"2003-12-12",730.573364257812
"2003-12-15",739.746459960938
"2003-12-16",754.800354003906
"2003-12-17",752.095397949219
"2003-12-18",762.091979980469
"2003-12-19",759.387023925781
"2003-12-22",760.21044921875
"2003-12-23",763.268005371094
"2003-12-24",762.444641113281
"2003-12-26",761.033447265625
"2003-12-29",773.852416992188
"2003-12-30",776.440002441406
"2003-12-31",779.497619628906
"2004-01-02",785.495788574219
"2004-01-05",797.609008789062
"2004-01-06",795.727416992188
"2004-01-07",805.489013671875
"2004-01-08",812.545227050781
"2004-01-09",813.015502929688
"2004-01-12",829.127990722656
"2004-01-13",817.249267578125
"2004-01-14",818.660583496094
"2004-01-15",817.955078125
"2004-01-16",821.013122558594
"2004-01-20",812.662963867188
"2004-01-21",823.600402832031
"2004-01-22",818.660583496094
"2004-01-23",809.60498046875
"2004-01-26",818.896362304688
"2004-01-27",805.018371582031
"2004-01-28",800.902282714844
"2004-01-29",814.661865234375
"2004-01-30",816.779174804688
"2004-02-02",833.5966796875
"2004-02-03",831.950378417969
"2004-02-04",825.011840820312
"2004-02-05",838.889526367188
"2004-02-06",848.885925292969
"2004-02-09",844.769775390625
"2004-02-10",864.409606933594
"2004-02-11",874.406188964844
"2004-02-12",880.992553710938
"2004-02-13",878.758117675781
"2004-02-17",883.462097167969
"2004-02-18",874.523803710938
"2004-02-19",863.939575195312
"2004-02-20",866.056579589844
"2004-02-23",870.642822265625
"2004-02-24",867.937683105469
"2004-02-25",874.994201660156
"2004-02-26",875.229675292969
"2004-02-27",870.289978027344
"2004-03-01",871.3486328125
"2004-03-02",869.34912109375
"2004-03-03",879.295715332031
"2004-03-04",882.591674804688
"2004-03-05",874.351928710938
"2004-03-08",866.46533203125
"2004-03-09",859.284851074219
"2004-03-10",846.454833984375
"2004-03-11",833.977355957031
"2004-03-12",842.923706054688
"2004-03-15",824.678344726562
"2004-03-16",829.857604980469
"2004-03-17",859.40283203125
"2004-03-18",864.111450195312
"2004-03-19",848.691162109375
"2004-03-22",832.093933105469
"2004-03-23",823.972045898438
"2004-03-24",815.968017578125
"2004-03-25",828.797912597656
"2004-03-26",826.208435058594
"2004-03-29",842.334899902344
"2004-03-30",844.218505859375
"2004-03-31",839.863098144531
"2004-04-01",863.051940917969
"2004-04-02",874.587524414062
"2004-04-05",894.480346679688
"2004-04-06",892.479309082031
"2004-04-07",897.541076660156
"2004-04-08",897.776245117188
"2004-04-12",903.661804199219
"2004-04-13",886.947631835938
"2004-04-14",883.415771484375
"2004-04-15",879.060607910156
"2004-04-16",885.181274414062
"2004-04-19",882.591674804688
"2004-04-20",859.284851074219
"2004-04-21",861.639221191406
"2004-04-22",867.525024414062
"2004-04-23",870.585144042969
"2004-04-26",859.638122558594
"2004-04-27",855.282836914062
"2004-04-28",841.746154785156
"2004-04-29",845.159790039062
"2004-04-30",843.394165039062
"2004-05-03",845.8662109375
"2004-05-04",843.629760742188
"2004-05-05",841.628784179688
"2004-05-06",838.097290039062
"2004-05-07",828.209838867188
"2004-05-10",821.029235839844
"2004-05-11",830.681579589844
"2004-05-12",838.685363769531
"2004-05-13",835.860595703125
"2004-05-14",833.389038085938
"2004-05-17",816.791625976562
"2004-05-18",817.262634277344
"2004-05-19",818.674926757812
"2004-05-20",824.089721679688
"2004-05-21",825.737731933594
"2004-05-24",821.617614746094
"2004-05-25",847.514038085938
"2004-05-26",848.808959960938
"2004-05-27",856.930847167969
"2004-05-28",862.816284179688
"2004-06-01",859.284851074219
"2004-06-02",870.302001953125
"2004-06-03",865.471313476562
"2004-06-04",873.130554199219
"2004-06-07",881.378601074219
"2004-06-08",873.36572265625
"2004-06-09",864.646484375
"2004-06-10",863.232604980469
"2004-06-14",857.341186523438
"2004-06-15",850.153076171875
"2004-06-16",852.156494140625
"2004-06-17",851.448913574219
"2004-06-18",850.388427734375
"2004-06-21",843.31884765625
"2004-06-22",851.9208984375
"2004-06-23",849.328369140625
"2004-06-24",841.315673828125
"2004-06-25",845.440307617188
"2004-06-28",842.847778320312
"2004-06-29",840.726867675781
"2004-06-30",839.902038574219
"2004-07-01",842.494323730469
"2004-07-02",843.672302246094
"2004-07-06",837.781005859375
"2004-07-07",834.010375976562
"2004-07-08",826.233764648438
"2004-07-09",824.466003417969
"2004-07-12",831.535888671875
"2004-07-13",828.47216796875
"2004-07-14",826.115905761719
"2004-07-15",819.281677246094
"2004-07-16",813.154235839844
"2004-07-19",810.679809570312
"2004-07-20",810.444396972656
"2004-07-21",793.59423828125
"2004-07-22",792.180358886719
"2004-07-23",802.431701660156
"2004-07-26",813.036010742188
"2004-07-27",834.717041015625
"2004-07-28",837.545166015625
"2004-07-29",828.943725585938
"2004-07-30",832.478515625
"2004-08-02",831.771667480469
"2004-08-03",838.959228515625
"2004-08-04",835.188659667969
"2004-08-05",816.571044921875
"2004-08-06",803.845092773438
"2004-08-09",805.37744140625
"2004-08-10",807.498229980469
"2004-08-11",802.54931640625
"2004-08-12",788.291625976562
"2004-08-13",783.342590332031
"2004-08-16",801.841918945312
"2004-08-17",805.023620605469
"2004-08-18",824.466003417969
"2004-08-19",822.462707519531
"2004-08-20",830.711059570312
"2004-08-23",828.000793457031
"2004-08-24",829.650390625
"2004-08-25",837.781005859375
"2004-08-26",833.421020507812
"2004-08-27",835.659973144531
"2004-08-30",835.188659667969
"2004-08-31",839.430603027344
"2004-09-01",828.165832519531
"2004-09-02",847.864440917969
"2004-09-03",846.449157714844
"2004-09-07",857.064697265625
"2004-09-08",855.88525390625
"2004-09-09",849.27978515625
"2004-09-10",848.218627929688
"2004-09-13",839.60791015625
"2004-09-14",843.382141113281
"2004-09-15",840.078857421875
"2004-09-16",843.028015136719
"2004-09-17",845.50537109375
"2004-09-20",840.315185546875
"2004-09-21",836.776550292969
"2004-09-22",824.7451171875
"2004-09-23",817.078186035156
"2004-09-24",815.426696777344
"2004-09-27",809.64697265625
"2004-09-28",806.344116210938
"2004-09-29",807.995849609375
"2004-09-30",801.979797363281
"2004-10-01",810.59033203125
"2004-10-04",807.877075195312
"2004-10-05",784.404296875
"2004-10-06",785.583679199219
"2004-10-07",788.060546875
"2004-10-08",789.122192382812
"2004-10-11",795.963684082031
"2004-10-12",794.784484863281
"2004-10-13",790.184265136719
"2004-10-14",709.974243164062
"2004-10-15",682.372802734375
"2004-10-18",703.958557128906
"2004-10-19",680.603393554688
"2004-10-20",679.423767089844
"2004-10-21",665.859069824219
"2004-10-22",645.216735839844
"2004-10-25",661.730407714844
"2004-10-26",711.625671386719
"2004-10-27",707.969177246094
"2004-10-28",722.005920410156
"2004-10-29",716.10791015625
"2004-11-01",716.816040039062
"2004-11-02",725.072448730469
"2004-11-03",727.196044921875
"2004-11-04",720.354309082031
"2004-11-05",720.118713378906
"2004-11-08",714.102844238281
"2004-11-09",716.579833984375
"2004-11-10",715.990112304688
"2004-11-11",718.938720703125
"2004-11-12",719.882385253906
"2004-11-15",741.232543945312
"2004-11-16",738.991394042969
"2004-11-17",744.063354492188
"2004-11-18",743.355773925781
"2004-11-19",728.965087890625
"2004-11-22",741.350463867188
"2004-11-23",757.274780273438
"2004-11-24",757.628601074219
"2004-11-26",752.674255371094
"2004-11-29",752.320190429688
"2004-11-30",747.248474121094
"2004-12-01",764.431335449219
"2004-12-02",769.391540527344
"2004-12-03",773.879089355469
"2004-12-06",771.753173828125
"2004-12-07",764.667297363281
"2004-12-08",764.667297363281
"2004-12-09",775.532348632812
"2004-12-10",767.619873046875
"2004-12-13",771.162719726562
"2004-12-14",768.918823242188
"2004-12-15",764.313354492188
"2004-12-16",761.360778808594
"2004-12-17",767.619873046875
"2004-12-20",768.210327148438
"2004-12-21",777.067321777344
"2004-12-22",778.720886230469
"2004-12-23",782.853942871094
"2004-12-27",776.004638671875
"2004-12-28",778.130310058594
"2004-12-29",777.067321777344
"2004-12-30",773.879089355469
"2004-12-31",775.532348632812
"2005-01-03",779.78369140625
"2005-01-04",782.381530761719
"2005-01-05",795.372192382812
"2005-01-06",796.671508789062
"2005-01-07",798.088439941406
"2005-01-10",799.50537109375
"2005-01-11",793.010375976562
"2005-01-12",788.640563964844
"2005-01-13",779.429382324219
"2005-01-14",781.082702636719
"2005-01-18",799.50537109375
"2005-01-19",791.357055664062
"2005-01-20",785.924438476562
"2005-01-21",780.846618652344
"2005-01-24",783.916931152344
"2005-01-25",791.238891601562
"2005-01-26",791.829772949219
"2005-01-27",784.15283203125
"2005-01-28",777.776184082031
"2005-01-31",782.853942871094
"2005-02-01",788.168334960938
"2005-02-02",789.467346191406
"2005-02-03",782.736145019531
"2005-02-04",797.379760742188
"2005-02-07",799.50537109375
"2005-02-08",799.859924316406
"2005-02-09",818.519104003906
"2005-02-10",857.254272460938
"2005-02-11",863.513061523438
"2005-02-14",844.263854980469
"2005-02-15",848.51513671875
"2005-02-16",833.753173828125
"2005-02-17",822.888366699219
"2005-02-18",814.031188964844
"2005-02-22",801.8671875
"2005-02-23",810.724426269531
"2005-02-24",805.292358398438
"2005-02-25",807.182006835938
"2005-02-28",788.877014160156
"2005-03-01",785.924438476562
"2005-03-02",769.774047851562
"2005-03-03",768.591064453125
"2005-03-04",770.247497558594
"2005-03-07",778.76611328125
"2005-03-08",789.651489257812
"2005-03-09",776.163391113281
"2005-03-10",782.315856933594
"2005-03-11",765.633056640625
"2005-03-14",755.457885742188
"2005-03-15",732.622436523438
"2005-03-16",744.217468261719
"2005-03-17",719.370971679688
"2005-03-18",707.065734863281
"2005-03-21",685.058837890625
"2005-03-22",664.944763183594
"2005-03-23",670.860717773438
"2005-03-24",657.963928222656
"2005-03-28",674.646667480469
"2005-03-29",688.608032226562
"2005-03-30",676.303161621094
"2005-03-31",655.59765625
"2005-04-01",602.828063964844
"2005-04-04",630.632751464844
"2005-04-05",627.083190917969
"2005-04-06",626.96484375
"2005-04-07",624.243469238281
"2005-04-08",614.186340332031
"2005-04-11",616.434509277344
"2005-04-12",629.449523925781
"2005-04-13",610.637145996094
"2005-04-14",608.033935546875
"2005-04-15",604.72119140625
"2005-04-18",606.495849609375
"2005-04-19",610.282165527344
"2005-04-20",603.537780761719
"2005-04-21",614.068298339844
"2005-04-22",595.728942871094
"2005-04-25",612.411743164062
"2005-04-26",604.247985839844
"2005-04-27",613.476440429688
"2005-04-28",605.076232910156
"2005-04-29",601.644836425781
"2005-05-02",632.289428710938
"2005-05-03",630.632751464844
"2005-05-04",643.292602539062
"2005-05-05",637.968200683594
"2005-05-06",640.571350097656
"2005-05-09",645.776916503906
"2005-05-10",630.277526855469
"2005-05-11",629.56787109375
"2005-05-12",620.930541992188
"2005-05-13",615.842956542969
"2005-05-16",624.835266113281
"2005-05-17",631.579223632812
"2005-05-18",630.041015625
"2005-05-19",627.083190917969
"2005-05-20",636.075317382812
"2005-05-23",632.407531738281
"2005-05-24",636.548583984375
"2005-05-25",639.861267089844
"2005-05-26",659.14697265625
"2005-05-27",667.311218261719
"2005-05-31",657.254028320312
"2005-06-01",665.258361816406
"2005-06-02",662.768432617188
"2005-06-03",653.281616210938
"2005-06-06",650.435668945312
"2005-06-07",654.941650390625
"2005-06-08",651.621276855469
"2005-06-09",658.736267089844
"2005-06-10",653.281616210938
"2005-06-13",658.143432617188
"2005-06-14",658.973693847656
"2005-06-15",657.076049804688
"2005-06-16",654.941650390625
"2005-06-17",658.736267089844
"2005-06-20",660.278076171875
"2005-06-21",667.511657714844
"2005-06-22",663.479797363281
"2005-06-23",654.5859375
"2005-06-24",646.759704589844
"2005-06-27",652.570129394531
"2005-06-28",654.230224609375
"2005-06-29",693.481567382812
"2005-06-30",688.9755859375
"2005-07-01",695.023193359375
"2005-07-05",705.458862304688
"2005-07-06",701.308166503906
"2005-07-07",702.849853515625
"2005-07-08",712.099609375
"2005-07-11",717.673034667969
"2005-07-12",717.554077148438
"2005-07-13",718.503356933594
"2005-07-14",719.214599609375
"2005-07-15",725.855102539062
"2005-07-18",712.692504882812
"2005-07-19",719.807556152344
"2005-07-20",719.214599609375
"2005-07-21",718.028747558594
"2005-07-22",720.281677246094
"2005-07-25",717.435546875
"2005-07-26",715.064208984375
"2005-07-27",720.874633789062
"2005-07-28",720.163208007812
"2005-07-29",713.878051757812
"2005-08-01",712.573852539062
"2005-08-02",720.400329589844
"2005-08-03",723.721008300781
"2005-08-04",724.906494140625
"2005-08-05",721.230285644531
"2005-08-08",723.364929199219
"2005-08-09",728.345520019531
"2005-08-10",738.069763183594
"2005-08-11",743.16845703125
"2005-08-12",738.780639648438
"2005-08-15",737.120727539062
"2005-08-16",730.954528808594
"2005-08-17",729.294311523438
"2005-08-18",727.989868164062
"2005-08-19",725.855102539062
"2005-08-22",723.364929199219
"2005-08-23",719.807556152344
"2005-08-24",709.727478027344
"2005-08-25",707.948974609375
"2005-08-26",702.849853515625
"2005-08-29",705.933044433594
"2005-08-30",702.968505859375
"2005-08-31",703.800598144531
"2005-09-01",705.584167480469
"2005-09-02",705.346313476562
"2005-09-06",714.500366210938
"2005-09-07",715.213562011719
"2005-09-08",710.458190917969
"2005-09-09",727.934448242188
"2005-09-12",725.31884765625
"2005-09-13",725.199951171875
"2005-09-14",722.465698242188
"2005-09-15",724.605651855469
"2005-09-16",728.7666015625
"2005-09-19",717.472290039062
"2005-09-20",719.374328613281
"2005-09-21",706.17822265625
"2005-09-22",705.821655273438
"2005-09-23",714.024597167969
"2005-09-26",721.514282226562
"2005-09-27",722.346740722656
"2005-09-28",724.605651855469
"2005-09-29",740.179565429688
"2005-09-30",736.613037109375
"2005-10-03",731.619689941406
"2005-10-04",727.102233886719
"2005-10-05",726.507934570312
"2005-10-06",732.927612304688
"2005-10-07",735.543151855469
"2005-10-10",735.305297851562
"2005-10-11",733.640808105469
"2005-10-12",731.382141113281
"2005-10-13",740.298522949219
"2005-10-14",742.319519042969
"2005-10-17",750.166015625
"2005-10-18",746.718017578125
"2005-10-19",754.683227539062
"2005-10-20",746.599548339844
"2005-10-21",748.025756835938
"2005-10-24",757.536560058594
"2005-10-25",757.893310546875
"2005-10-26",754.921691894531
"2005-10-27",750.522216796875
"2005-10-28",764.432067871094
"2005-10-31",770.376220703125
"2005-11-01",773.704956054688
"2005-11-02",787.258056640625
"2005-11-03",783.691833496094
"2005-11-04",784.523986816406
"2005-11-07",788.684814453125
"2005-11-08",782.859497070312
"2005-11-09",789.041259765625
"2005-11-10",798.790161132812
"2005-11-11",799.384460449219
"2005-11-14",802.475463867188
"2005-11-15",792.726867675781
"2005-11-16",788.565979003906
"2005-11-17",797.363342285156
"2005-11-18",798.552124023438
"2005-11-21",804.020751953125
"2005-11-22",812.699768066406
"2005-11-23",821.140502929688
"2005-11-25",818.7626953125
"2005-11-28",811.154235839844
"2005-11-29",809.1328125
"2005-11-30",799.95849609375
"2005-12-01",807.941589355469
"2005-12-02",801.745788574219
"2005-12-05",790.426818847656
"2005-12-06",791.9755859375
"2005-12-07",785.303527832031
"2005-12-08",784.707702636719
"2005-12-09",786.614196777344
"2005-12-12",783.75439453125
"2005-12-13",785.541687011719
"2005-12-14",786.2568359375
"2005-12-15",778.035522460938
"2005-12-16",776.247863769531
"2005-12-19",784.231018066406
"2005-12-20",779.465148925781
"2005-12-21",791.618225097656
"2005-12-22",809.013610839844
"2005-12-23",811.396911621094
"2005-12-27",809.609252929688
"2005-12-28",815.090454101562
"2005-12-29",823.311645507812
"2005-12-30",812.945861816406
"2006-01-03",829.507446289062
"2006-01-04",830.698791503906
"2006-01-05",831.771301269531
"2006-01-06",835.345458984375
"2006-01-09",831.41357421875
"2006-01-10",838.800842285156
"2006-01-11",843.924377441406
"2006-01-12",837.132873535156
"2006-01-13",834.630859375
"2006-01-17",822.596801757812
"2006-01-18",817.473266601562
"2006-01-19",811.396911621094
"2006-01-20",794.834777832031
"2006-01-23",793.643859863281
"2006-01-24",792.809814453125
"2006-01-25",784.112182617188
"2006-01-26",791.618225097656
"2006-01-27",794.120483398438
"2006-01-30",787.210021972656
"2006-01-31",779.941589355469
"2006-02-01",789.5927734375
"2006-02-02",780.060913085938
"2006-02-03",778.630798339844
"2006-02-06",786.494689941406
"2006-02-07",783.992797851562
"2006-02-08",790.903381347656
"2006-02-09",799.72021484375
"2006-02-10",809.013610839844
"2006-02-13",809.490417480469
"2006-02-14",814.852172851562
"2006-02-15",813.660766601562
"2006-02-16",812.35009765625
"2006-02-17",803.294860839844
"2006-02-21",801.388366699219
"2006-02-22",809.132751464844
"2006-02-23",800.67333984375
"2006-02-24",797.933227539062
"2006-02-27",799.601257324219
"2006-02-28",790.665161132812
"2006-03-01",790.784301757812
"2006-03-02",785.76904296875
"2006-03-03",781.947570800781
"2006-03-06",788.276550292969
"2006-03-07",794.0087890625
"2006-03-08",799.62158203125
"2006-03-09",795.202819824219
"2006-03-10",807.861267089844
"2006-03-13",812.876831054688
"2006-03-14",819.325439453125
"2006-03-15",819.922485351562
"2006-03-16",826.848510742188
"2006-03-17",821.833435058594
"2006-03-20",816.936828613281
"2006-03-21",804.039916992188
"2006-03-22",810.727478027344
"2006-03-23",802.009765625
"2006-03-24",805.234008789062
"2006-03-27",801.890380859375
"2006-03-28",788.515808105469
"2006-03-29",790.306762695312
"2006-03-30",788.993347167969
"2006-03-31",789.231994628906
"2006-04-03",784.216674804688
"2006-04-04",788.993347167969
"2006-04-05",787.560180664062
"2006-04-06",781.470153808594
"2006-04-07",768.811645507812
"2006-04-10",766.542663574219
"2006-04-11",756.9892578125
"2006-04-12",756.9892578125
"2006-04-13",757.108520507812
"2006-04-17",751.37646484375
"2006-04-18",758.063903808594
"2006-04-19",760.213439941406
"2006-04-20",760.691223144531
"2006-04-21",762.0048828125
"2006-04-24",767.617431640625
"2006-04-25",759.975036621094
"2006-04-26",764.751647949219
"2006-04-27",775.498901367188
"2006-04-28",779.200561523438
"2006-05-01",772.513427734375
"2006-05-02",780.037048339844
"2006-05-03",776.334655761719
"2006-05-04",775.976745605469
"2006-05-05",777.887390136719
"2006-05-08",780.275939941406
"2006-05-09",790.665161132812
"2006-05-10",794.60595703125
"2006-05-11",754.123168945312
"2006-05-12",754.481628417969
"2006-05-15",762.8408203125
"2006-05-16",764.870483398438
"2006-05-17",746.36083984375
"2006-05-18",735.016540527344
"2006-05-19",730.359008789062
"2006-05-22",731.433959960938
"2006-05-23",728.209655761719
"2006-05-24",721.283203125
"2006-05-25",727.373718261719
"2006-05-26",734.061157226562
"2006-05-30",723.671752929688
"2006-05-31",727.861755371094
"2006-06-01",732.290832519531
"2006-06-02",731.572814941406
"2006-06-05",722.953552246094
"2006-06-06",721.756225585938
"2006-06-07",721.038146972656
"2006-06-08",723.910949707031
"2006-06-09",720.798461914062
"2006-06-12",712.298706054688
"2006-06-13",707.989013671875
"2006-06-14",709.545288085938
"2006-06-15",718.6435546875
"2006-06-16",716.728454589844
"2006-06-19",711.940002441406
"2006-06-20",716.488647460938
"2006-06-21",716.129943847656
"2006-06-22",710.742553710938
"2006-06-23",709.425903320312
"2006-06-26",708.707397460938
"2006-06-27",703.080993652344
"2006-06-28",702.362670898438
"2006-06-29",709.545288085938
"2006-06-30",706.91162109375
"2006-07-03",713.137084960938
"2006-07-05",710.383422851562
"2006-07-06",711.819885253906
"2006-07-07",705.954040527344
"2006-07-10",714.693054199219
"2006-07-11",711.819885253906
"2006-07-12",705.834350585938
"2006-07-13",698.6513671875
"2006-07-14",691.468505859375
"2006-07-17",694.581298828125
"2006-07-18",698.890930175781
"2006-07-19",710.383422851562
"2006-07-20",712.418518066406
"2006-07-21",708.228393554688
"2006-07-24",716.369201660156
"2006-07-25",717.566467285156
"2006-07-26",721.038146972656
"2006-07-27",723.073120117188
"2006-07-28",729.058471679688
"2006-07-31",726.305419921875
"2006-08-01",722.474609375
"2006-08-02",721.636352539062
"2006-08-03",717.925231933594
"2006-08-04",719.122375488281
"2006-08-07",716.009948730469
"2006-08-08",714.453674316406
"2006-08-09",700.207885742188
"2006-08-10",722.115356445312
"2006-08-11",737.080078125
"2006-08-14",738.635864257812
"2006-08-15",749.290344238281
"2006-08-16",754.318420410156
"2006-08-17",761.141784667969
"2006-08-18",764.97314453125
"2006-08-21",763.177368164062
"2006-08-22",755.515197753906
"2006-08-23",756.592895507812
"2006-08-24",754.19873046875
"2006-08-25",755.994323730469
"2006-08-28",760.423767089844
"2006-08-29",761.381958007812
"2006-08-30",762.76220703125
"2006-08-31",766.002624511719
"2006-09-01",769.723449707031
"2006-09-05",770.923645019531
"2006-09-06",768.163269042969
"2006-09-07",766.963256835938
"2006-09-08",771.043884277344
"2006-09-11",776.804992675781
"2006-09-12",780.165771484375
"2006-09-13",783.166076660156
"2006-09-14",784.126892089844
"2006-09-15",788.807373046875
"2006-09-18",786.767028808594
"2006-09-19",787.246948242188
"2006-09-20",787.126770019531
"2006-09-21",784.846435546875
"2006-09-22",780.765808105469
"2006-09-25",792.168273925781
"2006-09-26",797.929382324219
"2006-09-27",795.648803710938
"2006-09-28",795.048767089844
"2006-09-29",795.288940429688
"2006-10-02",795.76904296875
"2006-10-03",800.450012207031
"2006-10-04",805.971008300781
"2006-10-05",807.051330566406
"2006-10-06",804.410766601562
"2006-10-09",801.890258789062
"2006-10-10",802.369934082031
"2006-10-11",804.530883789062
"2006-10-12",808.372192382812
"2006-10-13",807.411865234375
"2006-10-16",808.731689453125
"2006-10-17",806.691162109375
"2006-10-18",804.410766601562
"2006-10-19",799.489868164062
"2006-10-20",797.929382324219
"2006-10-23",802.250366210938
"2006-10-24",800.569946289062
"2006-10-25",802.130004882812
"2006-10-26",813.532348632812
"2006-10-27",808.851806640625
"2006-10-30",808.851806640625
"2006-10-31",806.211303710938
"2006-11-01",801.410400390625
"2006-11-02",800.330017089844
"2006-11-03",802.009887695312
"2006-11-06",810.172058105469
"2006-11-07",814.612976074219
"2006-11-08",820.73388671875
"2006-11-09",816.653503417969
"2006-11-10",835.737243652344
"2006-11-13",847.980346679688
"2006-11-14",855.061828613281
"2006-11-15",864.063415527344
"2006-11-16",868.504150390625
"2006-11-17",864.783630371094
"2006-11-20",863.223754882812
"2006-11-21",862.263122558594
"2006-11-22",859.022155761719
"2006-11-24",854.581787109375
"2006-11-27",843.179260253906
"2006-11-28",838.377746582031
"2006-11-29",843.731689453125
"2006-11-30",846.017761230469
"2006-12-01",839.400390625
"2006-12-04",843.370666503906
"2006-12-05",845.777099609375
"2006-12-06",845.295776367188
"2006-12-07",845.416015625
"2006-12-08",846.378356933594
"2006-12-11",854.198608398438
"2006-12-12",855.402038574219
"2006-12-13",856.003173828125
"2006-12-14",866.590637207031
"2006-12-15",867.7939453125
"2006-12-18",875.974731445312
"2006-12-19",868.996520996094
"2006-12-20",865.6279296875
"2006-12-21",865.6279296875
"2006-12-22",862.259826660156
"2006-12-26",866.349731445312
"2006-12-27",869.71875
"2006-12-28",864.785949707031
"2006-12-29",862.139221191406
"2007-01-03",868.034301757812
"2007-01-04",860.334533691406
"2007-01-05",856.364501953125
"2007-01-08",860.574951171875
"2007-01-09",857.687683105469
"2007-01-10",858.770263671875
"2007-01-11",857.687683105469
"2007-01-12",855.040649414062
"2007-01-16",856.24365234375
"2007-01-17",859.131103515625
"2007-01-18",853.476989746094
"2007-01-19",858.650695800781
"2007-01-22",847.701782226562
"2007-01-23",839.761474609375
"2007-01-24",840.723876953125
"2007-01-25",828.813598632812
"2007-01-26",825.204284667969
"2007-01-29",822.316833496094
"2007-01-30",820.512084960938
"2007-01-31",823.519836425781
"2007-02-01",829.054138183594
"2007-02-02",830.978942871094
"2007-02-05",833.746215820312
"2007-02-06",836.152099609375
"2007-02-07",837.836608886719
"2007-02-08",837.234924316406
"2007-02-09",829.414978027344
"2007-02-12",824.963745117188
"2007-02-13",831.580749511719
"2007-02-14",833.264770507812
"2007-02-15",831.580749511719
"2007-02-16",836.874084472656
"2007-02-20",841.084594726562
"2007-02-21",838.438354492188
"2007-02-22",834.227233886719
"2007-02-23",827.610473632812
"2007-02-26",826.286804199219
"2007-02-27",803.307678222656
"2007-02-28",809.398376464844
"2007-03-01",813.016540527344
"2007-03-02",838.7060546875
"2007-03-05",835.570190429688
"2007-03-06",841.118286132812
"2007-03-07",835.8115234375
"2007-03-08",836.534973144531
"2007-03-09",833.037475585938
"2007-03-12",829.539611816406
"2007-03-13",812.413696289062
"2007-03-14",808.071594238281
"2007-03-15",808.674560546875
"2007-03-16",806.503845214844
"2007-03-19",818.443908691406
"2007-03-20",824.715881347656
"2007-03-21",828.454528808594
"2007-03-22",822.665161132812
"2007-03-23",821.579895019531
"2007-03-26",819.529907226562
"2007-03-27",815.1875
"2007-03-28",809.880859375
"2007-03-29",810.483703613281
"2007-03-30",810.72509765625
"2007-04-02",809.880859375
"2007-04-03",815.791076660156
"2007-04-04",811.930969238281
"2007-04-05",810.845642089844
"2007-04-09",810.845642089844
"2007-04-10",806.865539550781
"2007-04-11",801.921020507812
"2007-04-12",803.730163574219
"2007-04-13",806.986206054688
"2007-04-16",815.428588867188
"2007-04-17",821.941772460938
"2007-04-18",825.56005859375
"2007-04-19",831.710876464844
"2007-04-20",838.585510253906
"2007-04-23",838.826782226562
"2007-04-24",837.2587890625
"2007-04-25",844.012878417969
"2007-04-26",841.721130371094
"2007-04-27",845.942565917969
"2007-04-30",843.1689453125
"2007-05-01",844.616088867188
"2007-05-02",849.319580078125
"2007-05-03",852.093444824219
"2007-05-04",854.505920410156
"2007-05-07",863.55126953125
"2007-05-08",865.359985351562
"2007-05-09",868.375793457031
"2007-05-10",870.787841796875
"2007-05-11",875.370666503906
"2007-05-14",874.0439453125
"2007-05-15",869.219909667969
"2007-05-16",873.923217773438
"2007-05-17",870.787841796875
"2007-05-18",871.02880859375
"2007-05-21",868.254943847656
"2007-05-22",867.652038574219
"2007-05-23",867.2900390625
"2007-05-24",862.827697753906
"2007-05-25",867.772644042969
"2007-05-29",867.048889160156
"2007-05-30",871.461059570312
"2007-05-31",874.483337402344
"2007-06-01",878.230834960938
"2007-06-04",877.021850585938
"2007-06-05",874.241760253906
"2007-06-06",872.428100585938
"2007-06-07",862.878540039062
"2007-06-08",864.691711425781
"2007-06-11",866.142578125
"2007-06-12",864.812561035156
"2007-06-13",876.538635253906
"2007-06-14",874.483337402344
"2007-06-15",876.901000976562
"2007-06-18",876.417541503906
"2007-06-19",877.747131347656
"2007-06-20",870.614929199219
"2007-06-21",870.977783203125
"2007-06-22",861.306823730469
"2007-06-25",859.614562988281
"2007-06-26",857.559448242188
"2007-06-27",853.44921875
"2007-06-28",851.635803222656
"2007-06-29",846.558837890625
"2007-07-02",848.613830566406
"2007-07-03",851.515197753906
"2007-07-05",849.459899902344
"2007-07-06",847.163208007812
"2007-07-09",848.976440429688
"2007-07-10",833.261352539062
"2007-07-11",829.756103515625
"2007-07-12",837.855224609375
"2007-07-13",840.756042480469
"2007-07-16",843.657592773438
"2007-07-17",842.085998535156
"2007-07-18",840.151977539062
"2007-07-19",842.085998535156
"2007-07-20",834.591430664062
"2007-07-23",832.294311523438
"2007-07-24",818.513732910156
"2007-07-25",823.953247070312
"2007-07-26",805.336975097656
"2007-07-27",790.105651855469
"2007-07-30",788.2919921875
"2007-07-31",775.841064453125
"2007-08-01",780.555847167969
"2007-08-02",771.368530273438
"2007-08-03",745.13623046875
"2007-08-06",780.434509277344
"2007-08-07",792.402221679688
"2007-08-08",803.64501953125
"2007-08-09",777.291625976562
"2007-08-10",781.764587402344
"2007-08-13",783.094055175781
"2007-08-14",766.774780273438
"2007-08-15",764.23583984375
"2007-08-16",773.060607910156
"2007-08-17",797.358581542969
"2007-08-20",794.820068359375
"2007-08-21",795.544921875
"2007-08-22",806.183654785156
"2007-08-23",810.897705078125
"2007-08-24",817.183898925781
"2007-08-27",810.53515625
"2007-08-28",788.533813476562
"2007-08-29",799.413940429688
"2007-08-30",793.006896972656
"2007-08-31",797.842102050781
"2007-09-04",804.611572265625
"2007-09-05",794.184204101562
"2007-09-06",784.969177246094
"2007-09-07",770.540710449219
"2007-09-10",777.815551757812
"2007-09-11",787.030822753906
"2007-09-12",784.363159179688
"2007-09-13",789.33447265625
"2007-09-14",787.636962890625
"2007-09-17",787.758178710938
"2007-09-18",810.552856445312
"2007-09-19",819.161743164062
"2007-09-20",814.069030761719
"2007-09-21",815.160461425781
"2007-09-24",809.461547851562
"2007-09-25",813.341979980469
"2007-09-26",818.797790527344
"2007-09-27",818.070678710938
"2007-09-28",820.2529296875
"2007-10-01",831.650268554688
"2007-10-02",836.015075683594
"2007-10-03",835.529968261719
"2007-10-04",835.651794433594
"2007-10-05",841.350219726562
"2007-10-08",841.107666015625
"2007-10-09",850.080078125
"2007-10-10",830.922912597656
"2007-10-11",826.072692871094
"2007-10-12",825.587951660156
"2007-10-15",809.825500488281
"2007-10-16",803.15673828125
"2007-10-17",797.822021484375
"2007-10-18",786.667236328125
"2007-10-19",767.145629882812
"2007-10-22",770.419250488281
"2007-10-23",779.270629882812
"2007-10-24",774.056945800781
"2007-10-25",749.20068359375
"2007-10-26",753.565551757812
"2007-10-29",766.296997070312
"2007-10-30",761.568481445312
"2007-10-31",765.326599121094
"2007-11-01",718.888488769531
"2007-11-02",716.827026367188
"2007-11-05",721.798400878906
"2007-11-06",752.352905273438
"2007-11-07",702.034912109375
"2007-11-08",678.997131347656
"2007-11-09",691.849487304688
"2007-11-12",688.45458984375
"2007-11-13",717.554443359375
"2007-11-14",720.585754394531
"2007-11-15",690.516052246094
"2007-11-16",684.33203125
"2007-11-19",671.115783691406
"2007-11-20",660.082397460938
"2007-11-21",622.37353515625
"2007-11-23",642.986022949219
"2007-11-26",637.287475585938
"2007-11-27",660.688537597656
"2007-11-28",699.852111816406
"2007-11-29",695.123229980469
"2007-11-30",704.8232421875
"2007-12-03",689.909790039062
"2007-12-04",674.753540039062
"2007-12-05",707.608825683594
"2007-12-06",746.548706054688
"2007-12-07",747.765686035156
"2007-12-10",748.495544433594
"2007-12-11",720.994445800781
"2007-12-12",708.339233398438
"2007-12-13",694.223449707031
"2007-12-14",677.187133789062
"2007-12-17",669.399169921875
"2007-12-18",689.964294433594
"2007-12-19",692.276123046875
"2007-12-20",690.451293945312
"2007-12-21",709.799255371094
"2007-12-24",729.877563476562
"2007-12-26",724.279907226562
"2007-12-27",705.905517578125
"2007-12-28",705.053588867188
"2007-12-31",709.434265136719
"2008-01-02",685.096984863281
"2008-01-03",686.922058105469
"2008-01-04",672.927917480469
"2008-01-07",685.096984863281
"2008-01-08",675.970336914062
"2008-01-09",687.287231445312
"2008-01-10",703.4716796875
"2008-01-11",701.889587402344
"2008-01-14",721.846069335938
"2008-01-15",704.079833984375
"2008-01-16",704.688354492188
"2008-01-17",660.394409179688
"2008-01-18",633.379760742188
"2008-01-22",637.760559082031
"2008-01-23",666.965698242188
"2008-01-24",669.764221191406
"2008-01-25",647.617126464844
"2008-01-28",666.2353515625
"2008-01-29",690.329223632812
"2008-01-30",661.611389160156
"2008-01-31",668.912414550781
"2008-02-01",678.160522460938
"2008-02-04",674.510070800781
"2008-02-05",644.088439941406
"2008-02-06",633.98828125
"2008-02-07",628.512451171875
"2008-02-08",616.708984375
"2008-02-11",544.426940917969
"2008-02-12",561.463195800781
"2008-02-13",553.918518066406
"2008-02-14",553.675109863281
"2008-02-15",561.098022460938
"2008-02-19",572.293090820312
"2008-02-20",582.879821777344
"2008-02-21",579.107666015625
"2008-02-22",594.805114746094
"2008-02-25",613.058166503906
"2008-02-26",625.713684082031
"2008-02-27",635.813781738281
"2008-02-28",610.259399414062
"2008-02-29",570.224548339844
"2008-03-03",568.155700683594
"2008-03-04",557.690612792969
"2008-03-05",545.224243164062
"2008-03-06",524.080139160156
"2008-03-07",524.080139160156
"2008-03-10",512.713684082031
"2008-03-11",537.768920898438
"2008-03-12",533.491088867188
"2008-03-13",519.191528320312
"2008-03-14",503.302581787109
"2008-03-17",486.436340332031
"2008-03-18",533.735534667969
"2008-03-19",515.524658203125
"2008-03-20",550.113037109375
"2008-03-24",563.557250976562
"2008-03-25",559.890625
"2008-03-26",538.502136230469
"2008-03-27",531.169128417969
"2008-03-28",523.1025390625
"2008-03-31",528.602355957031
"2008-04-01",574.434936523438
"2008-04-02",572.846008300781
"2008-04-03",574.312622070312
"2008-04-04",578.101501464844
"2008-04-07",587.146057128906
"2008-04-08",571.379455566406
"2008-04-09",556.835266113281
"2008-04-10",556.835266113281
"2008-04-11",538.380126953125
"2008-04-14",529.091247558594
"2008-04-15",539.113220214844
"2008-04-16",555.735290527344
"2008-04-17",564.290588378906
"2008-04-18",589.468078613281
"2008-04-21",568.812683105469
"2008-04-22",553.290771484375
"2008-04-23",536.057800292969
"2008-04-24",574.068237304688
"2008-04-25",580.912536621094
"2008-04-28",574.923767089844
"2008-04-29",574.434936523438
"2008-04-30",564.656921386719
"2008-05-01",588.490112304688
"2008-05-02",599.367919921875
"2008-05-05",579.201477050781
"2008-05-06",591.545837402344
"2008-05-07",550.968688964844
"2008-05-08",539.602233886719
"2008-05-09",492.303100585938
"2008-05-12",468.958862304688
"2008-05-13",478.614288330078
"2008-05-14",482.036437988281
"2008-05-15",483.625305175781
"2008-05-16",480.814270019531
"2008-05-19",476.047729492188
"2008-05-20",465.903472900391
"2008-05-21",451.725860595703
"2008-05-22",462.114471435547
"2008-05-23",451.603576660156
"2008-05-27",447.570343017578
"2008-05-28",426.670745849609
"2008-05-29",431.926330566406
"2008-05-30",439.992553710938
"2008-06-02",438.403747558594
"2008-06-03",440.114868164062
"2008-06-04",439.008758544922
"2008-06-05",447.489044189453
"2008-06-06",417.009155273438
"2008-06-09",411.601501464844
"2008-06-10",421.310791015625
"2008-06-11",408.774719238281
"2008-06-12",413.936706542969
"2008-06-13",420.081634521484
"2008-06-16",417.992401123047
"2008-06-17",396.730194091797
"2008-06-18",387.389831542969
"2008-06-19",406.439697265625
"2008-06-20",394.517791748047
"2008-06-23",372.395477294922
"2008-06-24",366.619140625
"2008-06-25",365.512908935547
"2008-06-26",345.233947753906
"2008-06-27",341.055358886719
"2008-06-30",325.200714111328
"2008-07-01",328.519104003906
"2008-07-02",328.764923095703
"2008-07-03",322.497009277344
"2008-07-07",318.809844970703
"2008-07-08",336.753723144531
"2008-07-09",321.267913818359
"2008-07-10",294.843780517578
"2008-07-11",283.659606933594
"2008-07-14",277.145782470703
"2008-07-15",253.671295166016
"2008-07-16",286.117797851562
"2008-07-17",306.273803710938
"2008-07-18",308.117309570312
"2008-07-21",326.061187744141
"2008-07-22",345.848449707031
"2008-07-23",369.937408447266
"2008-07-24",337.122375488281
"2008-07-25",334.787231445312
"2008-07-28",294.475158691406
"2008-07-29",317.703735351562
"2008-07-30",328.887969970703
"2008-07-31",320.161773681641
"2008-08-01",329.256530761719
"2008-08-04",328.027557373047
"2008-08-05",367.356414794922
"2008-08-06",357.524047851562
"2008-08-07",293.000274658203
"2008-08-08",305.6591796875
"2008-08-11",300.743133544922
"2008-08-12",280.832824707031
"2008-08-13",271.000732421875
"2008-08-14",280.464172363281
"2008-08-15",282.553558349609
"2008-08-18",265.470123291016
"2008-08-19",249.738479614258
"2008-08-20",255.637802124023
"2008-08-21",243.101745605469
"2008-08-22",244.207855224609
"2008-08-25",230.811477661133
"2008-08-26",241.381042480469
"2008-08-27",245.805572509766
"2008-08-28",264.363830566406
"2008-08-29",264.118133544922
"2008-09-02",269.894622802734
"2008-09-03",280.322906494141
"2008-09-04",263.438934326172
"2008-09-05",277.343292236328
"2008-09-08",282.557434082031
"2008-09-09",228.057220458984
"2008-09-10",217.256393432617
"2008-09-11",217.877105712891
"2008-09-12",150.713882446289
"2008-09-15",59.09375
"2008-09-16",46.5549468994141
"2008-09-17",25.4500370025635
"2008-09-18",33.3954162597656
"2008-09-19",47.7964210510254
"2008-09-22",58.5971641540527
"2008-09-23",62.0732688903809
"2008-09-24",41.0925102233887
"2008-09-25",37.4922523498535
"2008-09-26",39.1061477661133
"2008-09-29",31.0366344451904
"2008-09-30",41.3407821655273
"2008-10-01",49.0378799438477
"2008-10-02",49.6586151123047
"2008-10-03",47.9205665588379
"2008-10-06",48.0447044372559
"2008-10-07",43.5754356384277
"2008-10-08",39.6027412414551
"2008-10-09",29.6710186004639
"2008-10-10",28.926139831543
"2008-10-13",31.9056549072266
"2008-10-14",34.7610244750977
"2008-10-15",30.167610168457
"2008-10-16",30.167610168457
"2008-10-17",26.0707721710205
"2008-10-20",28.6778430938721
"2008-10-21",27.4363956451416
"2008-10-22",26.194917678833
"2008-10-23",26.0707721710205
"2008-10-24",21.1049118041992
"2008-10-27",16.7597789764404
"2008-10-28",22.7188262939453
"2008-10-29",19.2427158355713
"2008-10-30",20.2358856201172
"2008-10-31",23.7119846343994
"2008-11-03",26.5673484802246
"2008-11-04",29.9193172454834
"2008-11-05",25.5741882324219
"2008-11-06",23.2153987884521
"2008-11-07",26.194917678833
"2008-11-10",28.3054103851318
"2008-11-11",28.0571098327637
"2008-11-12",25.2017517089844
"2008-11-13",25.5741882324219
"2008-11-14",25.8224716186523
"2008-11-17",23.7119846343994
"2008-11-18",24.2085781097412
"2008-11-19",19.3668613433838
"2008-11-20",17.8771018981934
"2008-11-21",19.8634414672852
"2008-11-24",21.9739379882812
"2008-11-25",21.9739379882812
"2008-11-26",24.2085781097412
"2008-11-28",24.9534568786621
"2008-12-01",20.4841766357422
"2008-12-02",23.2153987884521
"2008-12-03",24.9534568786621
"2008-12-04",22.8429584503174
"2008-12-05",24.0844306945801
"2008-12-08",23.9602832794189
"2008-12-09",23.9602832794189
"2008-12-10",21.7256355285645
"2008-12-11",21.4773445129395
"2008-12-12",22.3463726043701
"2008-12-15",21.6015014648438
"2008-12-16",22.3463726043701
"2008-12-17",21.7256355285645
"2008-12-18",20.7324752807617
"2008-12-19",19.8634414672852
"2008-12-22",19.9875888824463
"2008-12-23",19.2427158355713
"2008-12-24",19.3668613433838
"2008-12-26",19.491003036499
"2008-12-29",19.2427158355713
"2008-12-30",19.3668613433838
"2008-12-31",19.491003036499
"2009-01-02",20.9807682037354
"2009-01-05",20.6083297729492
"2009-01-06",21.6015014648438
"2009-01-07",20.3600330352783
"2009-01-08",20.4841766357422
"2009-01-09",20.1117324829102
"2009-01-12",19.1185684204102
"2009-01-13",19.6151504516602
"2009-01-14",18.4978294372559
"2009-01-15",17.5046615600586
"2009-01-16",17.6288051605225
"2009-01-20",17.0080738067627
"2009-01-21",18.00124168396
"2009-01-22",16.2631950378418
"2009-01-23",17.0080738067627
"2009-01-26",15.6424684524536
"2009-01-27",16.7597789764404
"2009-01-28",17.5046615600586
"2009-01-29",16.0149002075195
"2009-01-30",15.89075756073
"2009-02-02",15.2700271606445
"2009-02-03",13.4078245162964
"2009-02-04",12.7870941162109
"2009-02-05",12.4146537780762
"2009-02-06",12.9112358093262
"2009-02-09",12.9112358093262
"2009-02-10",11.4214792251587
"2009-02-11",11.9180679321289
"2009-02-12",11.1731863021851
"2009-02-13",10.5524559020996
"2009-02-17",9.6834306716919
"2009-02-18",9.06269550323486
"2009-02-19",7.32464551925659
"2009-02-20",6.70391225814819
"2009-02-23",6.57976388931274
"2009-02-24",5.09000825881958
"2009-02-25",5.71073961257935
"2009-02-26",6.45561790466309
"2009-02-27",5.21415567398071
"2009-03-02",5.21415567398071
"2009-03-03",5.33830118179321
"2009-03-04",5.33830118179321
"2009-03-05",4.34512805938721
"2009-03-06",4.34512805938721
"2009-03-09",4.34512805938721
"2009-03-10",5.21415567398071
"2009-03-11",5.09000825881958
"2009-03-12",5.09000825881958
"2009-03-13",6.20732688903809
"2009-03-16",10.3041648864746
"2009-03-17",11.9180679321289
"2009-03-18",17.1322212219238
"2009-03-19",20.1117324829102
"2009-03-20",15.6424684524536
"2009-03-23",18.3736839294434
"2009-03-24",17.2563667297363
"2009-03-25",14.8975830078125
"2009-03-26",13.6561117172241
"2009-03-27",12.6629486083984
"2009-03-30",11.7939224243164
"2009-03-31",12.4146537780762
"2009-04-01",13.2836742401123
"2009-04-02",14.1527051925659
"2009-04-03",14.1527051925659
"2009-04-06",13.6561117172241
"2009-04-07",13.0353860855103
"2009-04-08",13.4078245162964
"2009-04-09",14.400993347168
"2009-04-13",17.6288051605225
"2009-04-14",18.870267868042
"2009-04-15",19.8634414672852
"2009-04-16",20.9807682037354
"2009-04-17",20.1117324829102
"2009-04-20",16.0149002075195
"2009-04-21",18.1253910064697
"2009-04-22",17.752950668335
"2009-04-23",18.6219806671143
"2009-04-24",18.1253910064697
"2009-04-27",17.3805122375488
"2009-04-28",16.6356315612793
"2009-04-29",17.5046615600586
"2009-04-30",17.1322212219238
"2009-05-01",17.1322212219238
"2009-05-04",18.1253910064697
"2009-05-05",21.4773445129395
"2009-05-06",22.8429584503174
"2009-05-07",24.2085781097412
"2009-05-08",24.9534568786621
"2009-05-11",23.5878448486328
"2009-05-12",22.4705181121826
"2009-05-13",19.8634414672852
"2009-05-14",22.8429584503174
"2009-05-15",21.3532047271729
"2009-05-18",22.7188262939453
"2009-05-19",22.4705181121826
"2009-05-20",22.0980796813965
"2009-05-21",22.3463726043701
"2009-05-22",21.1049118041992
"2009-05-26",21.1049118041992
"2009-05-27",20.6083297729492
"2009-05-28",20.7324752807617
"2009-05-29",20.9807682037354
"2009-06-01",20.6083297729492
"2009-06-02",19.3668613433838
"2009-06-03",18.2495384216309
"2009-06-04",20.3600330352783
"2009-06-05",21.2290554046631
"2009-06-08",20.6083297729492
"2009-06-09",20.4841766357422
"2009-06-10",19.8634414672852
"2009-06-11",19.9875888824463
"2009-06-12",19.9875888824463
"2009-06-15",18.9944190979004
"2009-06-16",18.3736839294434
"2009-06-17",17.3805122375488
"2009-06-18",18.2495384216309
"2009-06-19",18.9944190979004
"2009-06-22",17.2563667297363
"2009-06-23",17.5046615600586
"2009-06-24",17.6288051605225
"2009-06-25",18.1253910064697
"2009-06-26",18.1253910064697
"2009-06-29",16.5114841461182
"2009-06-30",14.400993347168
"2009-07-01",11.2228441238403
"2009-07-02",11.3283700942993
"2009-07-06",10.0496625900269
"2009-07-07",8.53507328033447
"2009-07-08",8.1315975189209
"2009-07-09",5.88454389572144
"2009-07-10",7.2874002456665
"2009-07-13",9.04407596588135
"2009-07-14",8.88889122009277
"2009-07-15",8.82681941986084
"2009-07-16",7.9143385887146
"2009-07-17",8.39230442047119
"2009-07-20",8.35506057739258
"2009-07-21",8.26815700531006
"2009-07-22",8.14401054382324
"2009-07-23",7.85847616195679
"2009-07-24",7.7343282699585
"2009-07-27",8.06952285766602
"2009-07-28",8.28677749633789
"2009-07-29",8.10056114196777
"2009-07-30",8.15021896362305
"2009-07-31",8.15642642974854
"2009-08-03",8.44196224212646
"2009-08-04",8.39230442047119
"2009-08-05",13.6561117172241
"2009-08-06",13.985107421875
"2009-08-07",16.8466835021973
"2009-08-10",17.8150291442871
"2009-08-11",15.468656539917
"2009-08-12",15.7231597900391
"2009-08-13",15.5307302474976
"2009-08-14",15.1272535324097
"2009-08-17",14.5375566482544
"2009-08-18",15.2389869689941
"2009-08-19",16.5363140106201
"2009-08-20",20.0496597290039
"2009-08-21",20.3910617828369
"2009-08-24",21.0117988586426
"2009-08-25",21.0862827301025
"2009-08-26",23.3953971862793
"2009-08-27",29.6958484649658
"2009-08-28",31.179407119751
"2009-08-31",28.1378059387207
"2009-09-01",22.3463726043701
"2009-09-02",23.5568046569824
"2009-09-03",25.9155864715576
"2009-09-04",24.8603382110596
"2009-09-08",22.2532615661621
"2009-09-09",24.1402893066406
"2009-09-10",23.4947261810303
"2009-09-11",23.3085021972656
"2009-09-14",25.5183086395264
"2009-09-15",24.0844306945801
"2009-09-16",25.0279407501221
"2009-09-17",24.4754867553711
"2009-09-18",24.7734470367432
"2009-09-21",30.0434684753418
"2009-09-22",28.4295539855957
"2009-09-23",28.9944171905518
"2009-09-24",27.9329700469971
"2009-09-25",27.6846752166748
"2009-09-28",28.6406097412109
"2009-09-29",28.0695209503174
"2009-09-30",27.3805160522461
"2009-10-01",25.387975692749
"2009-10-02",26.7411594390869
"2009-10-05",26.5363178253174
"2009-10-06",27.8274383544922
"2009-10-07",28.491626739502
"2009-10-08",27.1570491790771
"2009-10-09",27.4488010406494
"2009-10-12",27.5605354309082
"2009-10-13",27.6412353515625
"2009-10-14",27.5667419433594
"2009-10-15",27.6908779144287
"2009-10-16",26.8156490325928
"2009-10-19",25.5555591583252
"2009-10-20",25.0962219238281
"2009-10-21",24.2271976470947
"2009-10-22",25.7542037963867
"2009-10-23",24.1465034484863
"2009-10-26",22.5015602111816
"2009-10-27",21.1111164093018
"2009-10-28",21.9304809570312
"2009-10-29",22.5015602111816
"2009-10-30",20.8690338134766
"2009-11-02",21.2973384857178
"2009-11-03",24.3451385498047
"2009-11-04",22.4705181121826
"2009-11-05",24.3823757171631
"2009-11-06",22.0235996246338
"2009-11-09",22.4581050872803
"2009-11-10",23.3333415985107
"2009-11-11",22.8119297027588
"2009-11-12",22.5077590942383
"2009-11-13",22.5884590148926
"2009-11-16",22.1911888122559
"2009-11-17",22.4084510803223
"2009-11-18",22.4456882476807
"2009-11-19",22.1353321075439
"2009-11-20",21.7877178192139
"2009-11-23",21.8994483947754
"2009-11-24",21.7256355285645
"2009-11-25",21.5270080566406
"2009-11-27",20.6703910827637
"2009-11-30",17.6288051605225
"2009-12-01",19.1433944702148
"2009-12-02",19.3606548309326
"2009-12-03",18.5536975860596
"2009-12-04",18.6964645385742
"2009-12-07",18.7275066375732
"2009-12-08",18.6157703399658
"2009-12-09",18.4109363555908
"2009-12-10",17.9577922821045
"2009-12-11",17.6101913452148
"2009-12-14",18.0508995056152
"2009-12-15",17.9577922821045
"2009-12-16",17.9702072143555
"2009-12-17",17.5108680725098
"2009-12-18",17.4984493255615
"2009-12-21",17.4177513122559
"2009-12-22",19.2737426757812
"2009-12-23",18.255744934082
"2009-12-24",18.6964645385742
"2009-12-28",19.5530738830566
"2009-12-29",19.6523971557617
"2009-12-30",18.9944190979004
"2009-12-31",18.6095695495605
"2010-01-04",18.5536975860596
"2010-01-05",18.2060890197754
"2010-01-06",18.0881519317627
"2010-01-07",17.7405376434326
"2010-01-08",18.2122974395752
"2010-01-11",18.3923072814941
"2010-01-12",17.666051864624
"2010-01-13",18.0384902954102
"2010-01-14",17.752950668335
"2010-01-15",17.4177513122559
"2010-01-19",17.5356941223145
"2010-01-20",17.3556861877441
"2010-01-21",17.1011867523193
"2010-01-22",16.4494152069092
"2010-01-25",16.194917678833
"2010-01-26",15.1458749771118
"2010-01-27",15.4624538421631
"2010-01-28",14.9968976974487
"2010-01-29",15.0403499603271
"2010-02-01",14.8727502822876
"2010-02-02",14.878960609436
"2010-02-03",14.7672319412231
"2010-02-04",14.0223512649536
"2010-02-05",13.9106206893921
"2010-02-08",13.7554340362549
"2010-02-09",14.3637542724609
"2010-02-10",16.7101211547852
"2010-02-11",16.325267791748
"2010-02-12",16.6480445861816
"2010-02-16",17.0266914367676
"2010-02-17",16.6977081298828
"2010-02-18",16.5797672271729
"2010-02-19",16.4680328369141
"2010-02-22",17.6474304199219
"2010-02-23",16.6108055114746
"2010-02-24",17.3743000030518
"2010-02-25",17.0763549804688
"2010-02-26",15.3755435943604
"2010-03-01",16.0024852752686
"2010-03-02",15.5369415283203
"2010-03-03",15.443829536438
"2010-03-04",16.5797672271729
"2010-03-05",17.4301738739014
"2010-03-08",18.0633144378662
"2010-03-09",20.3414077758789
"2010-03-10",22.4953441619873
"2010-03-11",21.7939224243164
"2010-03-12",21.2476768493652
"2010-03-15",21.3035449981689
"2010-03-16",20.8628253936768
"2010-03-17",21.3594074249268
"2010-03-18",21.50217628479
"2010-03-19",21.6015014648438
"2010-03-22",20.7262630462646
"2010-03-23",20.6579856872559
"2010-03-24",20.5897006988525
"2010-03-25",21.421480178833
"2010-03-26",21.2352657318115
"2010-03-29",21.3842372894287
"2010-03-30",21.2228565216064
"2010-03-31",21.1918087005615
"2010-04-01",21.1731872558594
"2010-04-05",21.7628917694092
"2010-04-06",22.2905082702637
"2010-04-07",24.6368808746338
"2010-04-08",23.3333415985107
"2010-04-09",23.674747467041
"2010-04-12",25.586597442627
"2010-04-13",24.922420501709
"2010-04-14",24.6679172515869
"2010-04-15",24.8168869018555
"2010-04-16",24.3016796112061
"2010-04-19",24.2644462585449
"2010-04-20",25.8410987854004
"2010-04-21",25.387975692749
"2010-04-22",26.8466815948486
"2010-04-23",27.5481128692627
"2010-04-26",27.6288032531738
"2010-04-27",23.1967811584473
"2010-04-28",24.5251426696777
"2010-04-29",24.9720764160156
"2010-04-30",24.1465034484863
"2010-05-03",24.5437660217285
"2010-05-04",23.7430191040039
"2010-05-05",23.4016227722168
"2010-05-06",22.8119297027588
"2010-05-07",24.0223522186279
"2010-05-10",25.4376258850098
"2010-05-11",26.6232261657715
"2010-05-12",25.6983299255371
"2010-05-13",25.2327842712402
"2010-05-14",24.6555023193359
"2010-05-17",24.2085781097412
"2010-05-18",23.4512767791748
"2010-05-19",23.171947479248
"2010-05-20",21.6077041625977
"2010-05-21",22.3215408325195
"2010-05-24",21.4338989257812
"2010-05-25",21.4090709686279
"2010-05-26",21.1359462738037
"2010-05-27",22.6319103240967
"2010-05-28",21.9615211486816
"2010-06-01",21.2600975036621
"2010-06-02",21.7628917694092
"2010-06-03",21.849796295166
"2010-06-04",21.5704574584961
"2010-06-07",21.1545734405518
"2010-06-08",21.2973384857178
"2010-06-09",21.24147605896
"2010-06-10",21.9118556976318
"2010-06-11",21.7753067016602
"2010-06-14",23.0229759216309
"2010-06-15",23.5133514404297
"2010-06-16",23.5071449279785
"2010-06-17",23.445068359375
"2010-06-18",23.5319805145264
"2010-06-21",24.0595970153809
"2010-06-22",23.7554359436035
"2010-06-23",23.4699020385742
"2010-06-24",22.8243370056152
"2010-06-25",22.9360752105713
"2010-06-28",22.5822505950928
"2010-06-29",21.4276905059814
"2010-06-30",21.3780307769775
"2010-07-01",21.0304126739502
"2010-07-02",20.5462551116943
"2010-07-06",20.9249000549316
"2010-07-07",21.9366817474365
"2010-07-08",22.0422096252441
"2010-07-09",22.2843112945557
"2010-07-12",22.0794639587402
"2010-07-13",23.5816421508789
"2010-07-14",23.2960910797119
"2010-07-15",23.2029838562012
"2010-07-16",22.1229152679443
"2010-07-19",21.9677276611328
"2010-07-20",22.5388031005859
"2010-07-21",21.9180736541748
"2010-07-22",22.6505336761475
"2010-07-23",22.8243370056152
"2010-07-26",24.0223522186279
"2010-07-27",24.3016796112061
"2010-07-28",24.2271976470947
"2010-07-29",24.1899604797363
"2010-07-30",23.8795871734619
"2010-08-02",24.854133605957
"2010-08-03",24.5748138427734
"2010-08-04",24.8417263031006
"2010-08-05",24.7672309875488
"2010-08-06",25.4065780639648
"2010-08-09",25.8473110198975
"2010-08-10",24.9472465515137
"2010-08-11",23.4885234832764
"2010-08-12",23.0291767120361
"2010-08-13",22.762264251709
"2010-08-16",22.3215408325195
"2010-08-17",22.6070880889893
"2010-08-18",22.8615837097168
"2010-08-19",22.0670490264893
"2010-08-20",21.831169128418
"2010-08-23",21.7504711151123
"2010-08-24",21.2725067138672
"2010-08-25",21.3532047271729
"2010-08-26",21.0987033843994
"2010-08-27",21.849796295166
"2010-08-30",21.1049118041992
"2010-08-31",21.0614643096924
"2010-09-01",22.1353321075439
"2010-09-02",22.2967128753662
"2010-09-03",22.7808876037598
"2010-09-07",22.0794639587402
"2010-09-08",22.5201759338379
"2010-09-09",22.5263843536377
"2010-09-10",22.563627243042
"2010-09-13",22.9174499511719
"2010-09-14",22.4270763397217
"2010-09-15",22.4456882476807
"2010-09-16",22.1663608551025
"2010-09-17",22.1229152679443
"2010-09-20",22.7188262939453
"2010-09-21",22.7250156402588
"2010-09-22",22.1415309906006
"2010-09-23",21.7690944671631
"2010-09-24",22.6381206512451
"2010-09-27",23.0478038787842
"2010-09-28",23.1657447814941
"2010-09-29",23.2464447021484
"2010-09-30",24.2706413269043
"2010-10-01",24.1216697692871
"2010-10-04",24.3823757171631
"2010-10-05",24.7920513153076
"2010-10-06",25.2886428833008
"2010-10-07",25.1210460662842
"2010-10-08",25.3941669464111
"2010-10-11",25.4748668670654
"2010-10-12",25.9342079162598
"2010-10-13",26.5115013122559
"2010-10-14",26.0335369110107
"2010-10-15",25.7417869567871
"2010-10-18",26.2321681976318
"2010-10-19",25.4562397003174
"2010-10-20",25.8286838531494
"2010-10-21",25.6238384246826
"2010-10-22",25.7976398468018
"2010-10-25",25.5121059417725
"2010-10-26",26.0893898010254
"2010-10-27",25.9590435028076
"2010-10-28",26.0583553314209
"2010-10-29",26.0769748687744
"2010-11-01",26.0211029052734
"2010-11-02",26.1452560424805
"2010-11-03",27.0453338623047
"2010-11-04",27.7715911865234
"2010-11-05",28.3116188049316
"2010-11-08",27.7032947540283
"2010-11-09",26.604585647583
"2010-11-10",26.6853065490723
"2010-11-11",26.3873386383057
"2010-11-12",25.9528274536133
"2010-11-15",26.3314743041992
"2010-11-16",25.8907527923584
"2010-11-17",25.9342079162598
"2010-11-18",26.4183807373047
"2010-11-19",26.523904800415
"2010-11-22",26.1576728820801
"2010-11-23",25.3569259643555
"2010-11-24",25.9217891693115
"2010-11-26",25.6052207946777
"2010-11-29",25.7790355682373
"2010-11-30",25.6300525665283
"2010-12-01",26.2445659637451
"2010-12-02",26.6170196533203
"2010-12-03",27.1632556915283
"2010-12-06",27.0639343261719
"2010-12-07",27.2812023162842
"2010-12-08",26.207332611084
"2010-12-09",29.6586093902588
"2010-12-10",30.3848571777344
"2010-12-13",30.1179542541504
"2010-12-14",32.1353225708008
"2010-12-15",31.7753105163574
"2010-12-16",32.340160369873
"2010-12-17",32.6257057189941
"2010-12-20",33.1595344543457
"2010-12-21",34.2520370483398
"2010-12-22",34.6120491027832
"2010-12-23",33.7243995666504
"2010-12-27",36.8590965270996
"2010-12-28",36.579776763916
"2010-12-29",35.5493583679199
"2010-12-30",35.7107467651367
"2010-12-31",35.7666091918945
"2011-01-03",36.0335350036621
"2011-01-04",35.2452011108398
"2011-01-05",37.8336639404297
"2011-01-06",37.5232925415039
"2011-01-07",37.976432800293
"2011-01-10",35.6238479614258
"2011-01-11",36.6480484008789
"2011-01-12",36.2507820129395
"2011-01-13",35.4997024536133
"2011-01-14",33.5195579528809
"2011-01-18",33.0043601989746
"2011-01-19",31.6697826385498
"2011-01-20",32.3133392333984
"2011-01-21",32.1786499023438
"2011-01-24",31.3928909301758
"2011-01-25",30.9513664245605
"2011-01-26",31.1384544372559
"2011-01-27",31.4078540802002
"2011-01-28",30.1281929016113
"2011-01-31",30.1955413818359
"2011-02-01",30.7268581390381
"2011-02-02",30.8091831207275
"2011-02-03",30.3676624298096
"2011-02-04",29.9336318969727
"2011-02-07",31.5650062561035
"2011-02-08",31.7071914672852
"2011-02-09",30.7642803192139
"2011-02-10",30.8915004730225
"2011-02-11",31.1534214019775
"2011-02-14",30.9064693450928
"2011-02-15",30.719388961792
"2011-02-16",30.8915004730225
"2011-02-17",31.4752159118652
"2011-02-18",31.063627243042
"2011-02-22",29.9860038757324
"2011-02-23",29.9336318969727
"2011-02-24",30.2554187774658
"2011-02-25",28.8410568237305
"2011-02-28",27.7335033416748
"2011-03-01",27.4641056060791
"2011-03-02",27.9131164550781
"2011-03-03",28.0702571868896
"2011-03-04",27.9804515838623
"2011-03-07",27.7634315490723
"2011-03-08",27.9205913543701
"2011-03-09",27.7709197998047
"2011-03-10",27.2994709014893
"2011-03-11",27.9505290985107
"2011-03-14",28.0627784729004
"2011-03-15",27.5239734649658
"2011-03-16",26.6334457397461
"2011-03-17",26.7157592773438
"2011-03-18",26.1545162200928
"2011-03-21",27.7110500335693
"2011-03-22",27.6511917114258
"2011-03-23",27.3518562316895
"2011-03-24",27.1797313690186
"2011-03-25",27.3368835449219
"2011-03-28",27.2096614837646
"2011-03-29",27.0749626159668
"2011-03-30",26.9776859283447
"2011-03-31",26.2966938018799
"2011-04-01",26.1919231414795
"2011-04-04",25.3986873626709
"2011-04-05",26.1769580841064
"2011-04-06",26.0871639251709
"2011-04-07",25.9449768066406
"2011-04-08",25.8102760314941
"2011-04-11",25.6082229614258
"2011-04-12",25.5034523010254
"2011-04-13",25.3388156890869
"2011-04-14",25.0993518829346
"2011-04-15",25.0394744873047
"2011-04-18",24.4033908843994
"2011-04-19",24.0367069244385
"2011-04-20",24.2088203430176
"2011-04-21",24.0666313171387
"2011-04-25",23.5502815246582
"2011-04-26",23.8496170043945
"2011-04-27",23.7224006652832
"2011-04-28",23.7972297668457
"2011-04-29",23.3108100891113
"2011-05-02",23.0863075256348
"2011-05-03",23.295841217041
"2011-05-04",23.6774997711182
"2011-05-05",23.0414142608643
"2011-05-06",22.9740581512451
"2011-05-09",22.2257194519043
"2011-05-10",22.1658515930176
"2011-05-11",22.9366493225098
"2011-05-12",23.3257827758789
"2011-05-13",22.7645244598389
"2011-05-16",23.1985645294189
"2011-05-17",23.0488986968994
"2011-05-18",23.0713424682617
"2011-05-19",23.0788288116455
"2011-05-20",23.0488986968994
"2011-05-23",22.4352626800537
"2011-05-24",22.0461196899414
"2011-05-25",21.1630687713623
"2011-05-26",21.5148010253906
"2011-05-27",21.6120796203613
"2011-05-31",21.3277111053467
"2011-06-01",20.9909534454346
"2011-06-02",20.9610214233398
"2011-06-03",20.6916198730469
"2011-06-06",20.3773136138916
"2011-06-07",20.5195045471191
"2011-06-08",20.4446659088135
"2011-06-09",21.0283737182617
"2011-06-10",21.6719455718994
"2011-06-13",21.6869163513184
"2011-06-14",21.3351917266846
"2011-06-15",20.8712215423584
"2011-06-16",20.9834804534912
"2011-06-17",20.9385738372803
"2011-06-20",20.9685096740723
"2011-06-21",21.5372467041016
"2011-06-22",21.5522117614746
"2011-06-23",21.4549217224121
"2011-06-24",21.2902927398682
"2011-06-27",21.5596904754639
"2011-06-28",21.5372467041016
"2011-06-29",21.8066539764404
"2011-06-30",21.9413471221924
"2011-07-01",22.4352626800537
"2011-07-05",22.2107486724854
"2011-07-06",21.9862499237061
"2011-07-07",22.6073760986328
"2011-07-08",22.4053211212158
"2011-07-11",21.6494941711426
"2011-07-12",21.4923496246338
"2011-07-13",21.5821437835693
"2011-07-14",21.3277111053467
"2011-07-15",21.125659942627
"2011-07-18",20.6916198730469
"2011-07-19",20.8562507629395
"2011-07-20",21.1855297088623
"2011-07-21",21.6644592285156
"2011-07-22",21.7692279815674
"2011-07-25",21.6644592285156
"2011-07-26",22.053596496582
"2011-07-27",21.7767066955566
"2011-07-28",21.6569786071777
"2011-07-29",21.4773807525635
"2011-08-01",21.3950576782227
"2011-08-02",20.7664527893066
"2011-08-03",21.095724105835
"2011-08-04",19.756196975708
"2011-08-05",18.7833576202393
"2011-08-08",16.8975353240967
"2011-08-09",17.9452075958252
"2011-08-10",16.5682640075684
"2011-08-11",17.3315658569336
"2011-08-12",17.3091163635254
"2011-08-15",18.3493118286133
"2011-08-16",18.3418235778809
"2011-08-17",18.5962677001953
"2011-08-18",16.9873371124268
"2011-08-19",16.5832271575928
"2011-08-22",16.306339263916
"2011-08-23",17.1519737243652
"2011-08-24",17.6234245300293
"2011-08-25",17.2118377685547
"2011-08-26",17.4063968658447
"2011-08-29",18.7085189819336
"2011-08-30",18.6336822509766
"2011-08-31",18.9554710388184
"2011-09-01",18.5513668060303
"2011-09-02",17.7057437896729
"2011-09-06",17.4513053894043
"2011-09-07",19.0003719329834
"2011-09-08",18.4016952514648
"2011-09-09",17.4812431335449
"2011-09-12",17.6458702087402
"2011-09-13",18.079906463623
"2011-09-14",18.326868057251
"2011-09-15",18.7384510040283
"2011-09-16",19.0377883911133
"2011-09-19",18.4540767669678
"2011-09-20",18.4091835021973
"2011-09-21",17.1744213104248
"2011-09-22",16.1716442108154
"2011-09-23",16.6056804656982
"2011-09-26",17.5560760498047
"2011-09-27",17.4962024688721
"2011-09-28",16.9948196411133
"2011-09-29",17.1295127868652
"2011-09-30",16.4260768890381
"2011-10-03",15.3110551834106
"2011-10-04",15.3783979415894
"2011-10-05",15.9845609664917
"2011-10-06",16.4784622192383
"2011-10-07",15.6927108764648
"2011-10-10",16.6056804656982
"2011-10-11",16.7403888702393
"2011-10-12",17.7805767059326
"2011-10-13",17.2342891693115
"2011-10-14",17.4887313842773
"2011-10-17",16.6430988311768
"2011-10-18",17.541109085083
"2011-10-19",16.8750820159912
"2011-10-20",17.1444816589355
"2011-10-21",17.9676628112793
"2011-10-24",18.8132858276367
"2011-10-25",18.0948753356934
"2011-10-26",18.9479904174805
"2011-10-27",19.8459968566895
"2011-10-28",19.7112922668457
"2011-10-31",18.4765319824219
"2011-11-01",17.5261402130127
"2011-11-02",18.1023597717285
"2011-11-03",18.431640625
"2011-11-04",17.892822265625
"2011-11-07",17.750638961792
"2011-11-08",18.0050773620605
"2011-11-09",16.867603302002
"2011-11-10",17.3240852355957
"2011-11-11",17.8479232788086
"2011-11-14",17.6159362792969
"2011-11-15",17.3016376495361
"2011-11-16",16.8002433776855
"2011-11-17",16.3736915588379
"2011-11-18",16.3736915588379
"2011-11-21",15.7226438522339
"2011-11-22",15.7226438522339
"2011-11-23",15.0416507720947
"2011-11-25",15.0191974639893
"2011-11-28",15.6178712844849
"2011-11-29",15.8124465942383
"2011-11-30",17.4438209533691
"2011-12-01",17.2118377685547
"2011-12-02",17.3465366363525
"2011-12-05",17.6383895874023
"2011-12-06",18.0050773620605
"2011-12-07",18.3044128417969
"2011-12-08",17.2941589355469
"2011-12-09",18.0424976348877
"2011-12-12",17.4288539886475
"2011-12-13",17.0846176147461
"2011-12-14",17.0472030639648
"2011-12-15",17.3764686584473
"2011-12-16",17.4812431335449
"2011-12-19",16.7328968048096
"2011-12-20",17.7730903625488
"2011-12-21",18.0200481414795
"2011-12-22",18.0873947143555
"2011-12-23",18.1098518371582
"2011-12-27",17.8329582214355
"2011-12-28",17.1893863677979
"2011-12-29",17.3914337158203
"2011-12-30",17.3615036010742
"2012-01-03",18.0125617980957
"2012-01-04",17.9003124237061
"2012-01-05",17.892822265625
"2012-01-06",17.6159362792969
"2012-01-09",17.9601745605469
"2012-01-10",18.7608985900879
"2012-01-11",18.9854049682617
"2012-01-12",19.0303058624268
"2012-01-13",18.6710948944092
"2012-01-17",18.3792457580566
"2012-01-18",18.8806400299072
"2012-01-19",19.1201076507568
"2012-01-20",19.1949424743652
"2012-01-23",19.0377883911133
"2012-01-24",18.9479904174805
"2012-01-25",18.9405078887939
"2012-01-26",18.8132858276367
"2012-01-27",18.8956031799316
"2012-01-30",18.8581867218018
"2012-01-31",18.7908363342285
"2012-02-01",19.9058589935303
"2012-02-02",19.6888370513916
"2012-02-03",20.3324184417725
"2012-02-06",20.0555267333984
"2012-02-07",19.9806938171387
"2012-02-08",20.23512840271
"2012-02-09",20.4671211242676
"2012-02-10",19.9507713317871
"2012-02-13",20.070499420166
"2012-02-14",19.9058589935303
"2012-02-15",19.8235397338867
"2012-02-16",20.4147415161133
"2012-02-17",20.3773136138916
"2012-02-21",20.4521560668945
"2012-02-22",20.7065906524658
"2012-02-23",20.9460525512695
"2012-02-24",21.2603645324707
"2012-02-27",21.4474449157715
"2012-02-28",21.6719455718994
"2012-02-29",21.8665180206299
"2012-03-01",22.0386371612549
"2012-03-02",22.3005504608154
"2012-03-05",22.7420768737793
"2012-03-06",21.7393035888672
"2012-03-07",22.0386371612549
"2012-03-08",21.1855297088623
"2012-03-09",21.1406211853027
"2012-03-12",21.0657901763916
"2012-03-13",21.252872467041
"2012-03-14",21.1406211853027
"2012-03-15",21.0134086608887
"2012-03-16",20.9759960174561
"2012-03-19",20.8038711547852
"2012-03-20",21.1930141448975
"2012-03-21",21.3202247619629
"2012-03-22",20.9385738372803
"2012-03-23",21.1555919647217
"2012-03-26",21.7467803955078
"2012-03-27",22.2032699584961
"2012-03-28",22.2257194519043
"2012-03-29",22.4053211212158
"2012-03-30",23.0713424682617
"2012-04-02",23.3257827758789
"2012-04-03",23.1012706756592
"2012-04-04",24.3360424041748
"2012-04-05",24.612922668457
"2012-04-09",23.9394245147705
"2012-04-10",23.3781681060791
"2012-04-11",23.8496170043945
"2012-04-12",24.8673610687256
"2012-04-13",24.3061046600342
"2012-04-16",24.5530624389648
"2012-04-17",24.485710144043
"2012-04-18",24.3884258270264
"2012-04-19",24.1489562988281
"2012-04-20",23.9918003082275
"2012-04-23",24.014253616333
"2012-04-24",24.2462368011475
"2012-04-25",24.5680198669434
"2012-04-26",25.2265720367432
"2012-04-27",25.78782081604
"2012-04-30",25.4660358428955
"2012-05-01",25.6980266571045
"2012-05-02",26.0123252868652
"2012-05-03",25.5483531951904
"2012-05-04",24.5680198669434
"2012-05-07",23.8271732330322
"2012-05-08",23.7224006652832
"2012-05-09",23.8196849822998
"2012-05-10",24.0516738891602
"2012-05-11",23.7598190307617
"2012-05-14",23.4230556488037
"2012-05-15",23.1686248779297
"2012-05-16",22.7869701385498
"2012-05-17",21.3052577972412
"2012-05-18",21.2004985809326
"2012-05-21",22.0311508178711
"2012-05-22",21.9488296508789
"2012-05-23",21.8964424133301
"2012-05-24",22.0086975097656
"2012-05-25",21.6943988800049
"2012-05-29",22.2855854034424
"2012-05-30",21.6195678710938
"2012-05-31",21.8365745544434
"2012-06-01",20.3623447418213
"2012-06-04",20.6018199920654
"2012-06-05",21.4399585723877
"2012-06-06",22.3753910064697
"2012-06-07",22.5624694824219
"2012-06-08",22.8094215393066
"2012-06-11",22.1059837341309
"2012-06-12",22.5924034118652
"2012-06-13",22.6747207641602
"2012-06-14",23.2210102081299
"2012-06-15",23.5577640533447
"2012-06-18",23.5802211761475
"2012-06-19",23.9020080566406
"2012-06-20",23.9843235015869
"2012-06-21",23.2284984588623
"2012-06-22",23.5278358459473
"2012-06-25",22.9216709136963
"2012-06-26",23.0488986968994
"2012-06-27",23.0638599395752
"2012-06-28",23.0788288116455
"2012-06-29",24.014253616333
"2012-07-02",23.8271732330322
"2012-07-03",24.2387561798096
"2012-07-05",23.924446105957
"2012-07-06",23.6251125335693
"2012-07-09",23.1611385345459
"2012-07-10",23.1761112213135
"2012-07-11",23.0713424682617
"2012-07-12",22.8019409179688
"2012-07-13",23.5278358459473
"2012-07-16",23.4080963134766
"2012-07-17",24.1639175415039
"2012-07-18",23.8271732330322
"2012-07-19",23.7672996520996
"2012-07-20",23.2210102081299
"2012-07-23",22.9590930938721
"2012-07-24",22.8393573760986
"2012-07-25",22.5624694824219
"2012-07-26",22.9665756225586
"2012-07-27",23.6251125335693
"2012-07-30",23.7373676300049
"2012-07-31",23.40061378479
"2012-08-01",23.0788288116455
"2012-08-02",23.0788288116455
"2012-08-03",23.4529991149902
"2012-08-06",24.014253616333
"2012-08-07",24.2088203430176
"2012-08-08",24.2312698364258
"2012-08-09",24.3285636901855
"2012-08-10",24.3959045410156
"2012-08-13",24.77756690979
"2012-08-14",25.3088817596436
"2012-08-15",25.4660358428955
"2012-08-16",25.9000720977783
"2012-08-17",26.0422649383545
"2012-08-20",25.9374904632568
"2012-08-21",25.5408706665039
"2012-08-22",25.1068305969238
"2012-08-23",25.2639808654785
"2012-08-24",25.7952995300293
"2012-08-27",25.8776264190674
"2012-08-28",25.6456317901611
"2012-08-29",25.3986873626709
"2012-08-30",25.2864322662354
"2012-08-31",25.6905460357666
"2012-09-04",25.8626480102539
"2012-09-05",26.0497417449951
"2012-09-06",25.6082229614258
"2012-09-07",25.4361000061035
"2012-09-10",24.9197368621826
"2012-09-11",25.0319976806641
"2012-09-12",25.2939224243164
"2012-09-13",25.7728538513184
"2012-09-14",26.2068996429443
"2012-09-17",26.0048370361328
"2012-09-18",25.742919921875
"2012-09-19",25.6381530761719
"2012-09-20",25.3088817596436
"2012-09-21",25.1667041778564
"2012-09-24",25.3687515258789
"2012-09-25",24.7551155090332
"2012-09-26",24.5081520080566
"2012-09-27",24.8449192047119
"2012-09-28",24.5380973815918
"2012-10-01",24.8898067474365
"2012-10-02",25.0469627380371
"2012-10-03",25.600736618042
"2012-10-04",26.1545162200928
"2012-10-05",26.3640384674072
"2012-10-08",26.8654384613037
"2012-10-09",26.5286827087402
"2012-10-10",26.5586128234863
"2012-10-11",26.7007942199707
"2012-10-12",26.5361595153809
"2012-10-15",27.157283782959
"2012-10-16",27.2021827697754
"2012-10-17",27.5838413238525
"2012-10-18",27.8457565307617
"2012-10-19",26.7157592773438
"2012-10-22",26.6035175323486
"2012-10-23",26.0048370361328
"2012-10-24",26.1395416259766
"2012-10-25",26.1769580841064
"2012-10-26",25.9823894500732
"2012-10-31",26.1395416259766
"2012-11-01",26.3416023254395
"2012-11-02",24.4557723999023
"2012-11-05",24.5455780029297
"2012-11-06",24.7850399017334
"2012-11-07",23.9469013214111
"2012-11-08",23.5053844451904
"2012-11-09",24.0741119384766
"2012-11-12",23.9319305419922
"2012-11-13",23.4604835510254
"2012-11-14",22.9590930938721
"2012-11-15",23.3781681060791
"2012-11-16",23.7972297668457
"2012-11-19",24.2387561798096
"2012-11-20",24.2537231445312
"2012-11-21",24.4482898712158
"2012-11-23",24.5680198669434
"2012-11-26",24.6727962493896
"2012-11-27",24.313591003418
"2012-11-28",24.3959045410156
"2012-11-29",24.9571590423584
"2012-11-30",24.7925357818604
"2012-12-03",24.7850399017334
"2012-12-04",24.9347171783447
"2012-12-05",25.2789535522461
"2012-12-06",24.8898067474365
"2012-12-07",25.5408706665039
"2012-12-10",24.9646396636963
"2012-12-11",26.38649559021
"2012-12-12",26.0796813964844
"2012-12-13",25.6231880187988
"2012-12-14",25.3986873626709
"2012-12-17",26.1545162200928
"2012-12-18",26.5661029815674
"2012-12-19",26.1096019744873
"2012-12-20",26.5885410308838
"2012-12-21",25.9973621368408
"2012-12-24",26.3416023254395
"2012-12-26",26.4538459777832
"2012-12-27",26.1694869995117
"2012-12-28",25.8776264190674
"2012-12-31",26.4164199829102
"2013-01-02",27.2994709014893
"2013-01-03",27.0749626159668
"2013-01-04",27.1647682189941
"2013-01-07",26.8878765106201
"2013-01-08",26.6783447265625
"2013-01-09",26.7606563568115
"2013-01-10",26.7905941009521
"2013-01-11",26.3640384674072
"2013-01-14",26.2293395996094
"2013-01-15",26.0721817016602
"2013-01-16",26.5960254669189
"2013-01-17",26.3490791320801
"2013-01-18",26.2592716217041
"2013-01-22",26.8729152679443
"2013-01-23",27.2844944000244
"2013-01-24",27.3892784118652
"2013-01-25",27.4641056060791
"2013-01-28",27.9131164550781
"2013-01-29",28.3022537231445
"2013-01-30",28.1899948120117
"2013-01-31",28.3097267150879
"2013-02-01",29.0805206298828
"2013-02-04",28.5791339874268
"2013-02-05",28.9982013702393
"2013-02-06",28.9982013702393
"2013-02-07",28.9158821105957
"2013-02-08",29.0281295776367
"2013-02-11",29.5220489501953
"2013-02-12",28.9083995819092
"2013-02-13",29.0880031585693
"2013-02-14",29.3424339294434
"2013-02-15",28.698860168457
"2013-02-19",28.8859596252441
"2013-02-20",28.1151638031006
"2013-02-21",27.8981399536133
"2013-02-22",28.7736988067627
"2013-02-25",27.7335033416748
"2013-02-26",28.204948425293
"2013-02-27",28.2648258209229
"2013-02-28",28.4444255828857
"2013-03-01",28.3246955871582
"2013-03-04",28.4893245697021
"2013-03-05",28.6240291595459
"2013-03-06",28.7736988067627
"2013-03-07",29.1927642822266
"2013-03-08",29.6193294525146
"2013-03-11",29.5370140075684
"2013-03-12",29.2676010131836
"2013-03-13",29.1029644012451
"2013-03-14",29.2002468109131
"2013-03-15",29.1628456115723
"2013-03-18",28.8859596252441
"2013-03-19",28.7213096618652
"2013-03-20",28.661449432373
"2013-03-21",28.2872753143311
"2013-03-22",28.2797927856445
"2013-03-25",28.2124519348145
"2013-03-26",28.7662200927734
"2013-03-27",28.6240291595459
"2013-03-28",29.0505809783936
"2013-04-01",28.6090698242188
"2013-04-02",29.1852970123291
"2013-04-03",28.3172130584717
"2013-04-04",28.204948425293
"2013-04-05",28.900915145874
"2013-04-08",30.0009860992432
"2013-04-09",29.6567535400391
"2013-04-10",30.0084571838379
"2013-04-11",30.2629013061523
"2013-04-12",30.0309162139893
"2013-04-15",28.8709735870361
"2013-04-16",29.6043663024902
"2013-04-17",28.8560047149658
"2013-04-18",28.6913757324219
"2013-04-19",29.0954818725586
"2013-04-22",28.8934345245361
"2013-04-23",30.3976097106934
"2013-04-24",31.1309680938721
"2013-04-25",31.639835357666
"2013-04-26",30.5846843719482
"2013-04-29",30.9139595031738
"2013-04-30",30.9962596893311
"2013-05-01",30.8241500854492
"2013-05-02",31.5275974273682
"2013-05-03",33.3161392211914
"2013-05-06",34.0345420837402
"2013-05-07",33.3759956359863
"2013-05-08",33.1889114379883
"2013-05-09",32.9793815612793
"2013-05-10",33.0617027282715
"2013-05-13",33.4059410095215
"2013-05-14",34.4835433959961
"2013-05-15",34.1093673706055
"2013-05-16",33.6079902648926
"2013-05-17",33.8474578857422
"2013-05-20",33.5930137634277
"2013-05-21",33.6453895568848
"2013-05-22",33.1589813232422
"2013-05-23",33.3236236572266
"2013-05-24",33.4433441162109
"2013-05-28",33.802547454834
"2013-05-29",34.0644683837891
"2013-05-30",34.5808258056641
"2013-05-31",33.2712135314941
"2013-06-03",33.4882545471191
"2013-06-04",33.0018196105957
"2013-06-05",32.8521537780762
"2013-06-06",33.5705642700195
"2013-06-07",33.8848571777344
"2013-06-10",34.3862419128418
"2013-06-11",33.6154594421387
"2013-06-12",33.4208908081055
"2013-06-13",34.3787727355957
"2013-06-14",33.9597129821777
"2013-06-17",33.7875862121582
"2013-06-18",33.7800941467285
"2013-06-19",33.533145904541
"2013-06-20",33.1290397644043
"2013-06-21",32.6949996948242
"2013-06-24",31.6697750091553
"2013-06-25",32.4405746459961
"2013-06-26",32.6426200866699
"2013-06-27",33.2861976623535
"2013-06-28",33.4508323669434
"2013-07-01",33.7426795959473
"2013-07-02",33.5930137634277
"2013-07-03",33.0916290283203
"2013-07-05",33.8175239562988
"2013-07-08",34.0644683837891
"2013-07-09",34.2590255737305
"2013-07-10",34.2141494750977
"2013-07-11",34.3638114929199
"2013-07-12",34.9774627685547
"2013-07-15",34.947509765625
"2013-07-16",34.6032752990723
"2013-07-17",35.0447883605957
"2013-07-18",35.1645278930664
"2013-07-19",35.082218170166
"2013-07-22",35.5087623596191
"2013-07-23",34.872673034668
"2013-07-24",34.3937301635742
"2013-07-25",34.7978515625
"2013-07-26",34.8277778625488
"2013-07-29",34.6257247924805
"2013-07-30",34.3413505554199
"2013-07-31",34.0569877624512
"2013-08-01",35.2243995666504
"2013-08-02",36.1673011779785
"2013-08-05",36.3469085693359
"2013-08-06",35.9652519226074
"2013-08-07",35.8979263305664
"2013-08-08",36.3693618774414
"2013-08-09",35.9427947998047
"2013-08-12",35.7332611083984
"2013-08-13",36.1448516845703
"2013-08-14",35.9652519226074
"2013-08-15",35.2019500732422
"2013-08-16",35.2468490600586
"2013-08-19",34.6631317138672
"2013-08-20",35.1121520996094
"2013-08-21",34.9624862670898
"2013-08-22",35.2842597961426
"2013-08-23",35.4638595581055
"2013-08-26",35.4414176940918
"2013-08-27",34.5434150695801
"2013-08-28",34.7304840087891
"2013-08-29",34.8577079772949
"2013-08-30",34.7679100036621
"2013-09-03",35.6734046936035
"2013-09-04",36.1373748779297
"2013-09-05",36.4217262268066
"2013-09-06",36.0550575256348
"2013-09-09",36.8108711242676
"2013-09-10",37.0583457946777
"2013-09-11",37.3058013916016
"2013-09-12",36.9533424377441
"2013-09-13",37.2682991027832
"2013-09-16",37.2607917785645
"2013-09-17",37.8381958007812
"2013-09-18",37.9206771850586
"2013-09-19",37.3882751464844
"2013-09-20",37.4557685852051
"2013-09-23",36.8633804321289
"2013-09-24",36.9233474731445
"2013-09-25",37.1483116149902
"2013-09-26",37.0808372497559
"2013-09-27",36.8558769226074
"2013-09-30",36.4659385681152
"2013-10-01",36.8183746337891
"2013-10-02",36.9083557128906
"2013-10-03",36.6309204101562
"2013-10-04",37.1408195495605
"2013-10-07",36.5409278869629
"2013-10-08",35.7685699462891
"2013-10-09",35.7910537719727
"2013-10-10",37.1783065795898
"2013-10-11",37.4932518005371
"2013-10-14",37.6657371520996
"2013-10-15",37.5082626342773
"2013-10-16",38.4380874633789
"2013-10-17",38.880500793457
"2013-10-18",39.2179489135742
"2013-10-21",38.9929885864258
"2013-10-22",39.2104568481445
"2013-10-23",38.8880081176758
"2013-10-24",38.8430061340332
"2013-10-25",38.880500793457
"2013-10-28",38.5655632019043
"2013-10-29",39.1804580688477
"2013-10-30",38.9704895019531
"2013-10-31",38.730541229248
"2013-11-01",36.203483581543
"2013-11-04",36.8033714294434
"2013-11-05",36.2109794616699
"2013-11-06",35.6860847473145
"2013-11-07",35.4686279296875
"2013-11-08",36.3984527587891
"2013-11-11",36.6234130859375
"2013-11-12",36.1360015869141
"2013-11-13",36.4284439086914
"2013-11-14",36.9758491516113
"2013-11-15",36.9683532714844
"2013-11-18",36.7134017944336
"2013-11-19",36.5784034729004
"2013-11-20",36.1884880065918
"2013-11-21",36.6833953857422
"2013-11-22",37.1858139038086
"2013-11-25",37.3432807922363
"2013-11-26",37.0358505249023
"2013-11-27",37.2308158874512
"2013-11-29",37.3058013916016
"2013-12-02",37.2757949829102
"2013-12-03",36.5544662475586
"2013-12-04",36.7723770141602
"2013-12-05",36.2088432312012
"2013-12-06",37.2307167053223
"2013-12-09",37.2382354736328
"2013-12-10",37.0428771972656
"2013-12-11",36.5920295715332
"2013-12-12",37.1330451965332
"2013-12-13",37.3659553527832
"2013-12-16",37.7792205810547
"2013-12-17",37.0879554748535
"2013-12-18",37.7566719055176
"2013-12-19",37.8393249511719
"2013-12-20",38.3427581787109
"2013-12-23",38.5005416870117
"2013-12-24",38.5306015014649
"2013-12-26",38.320198059082
"2013-12-27",38.455451965332
"2013-12-30",38.4028587341309
"2013-12-31",38.3577728271484
"2014-01-02",38.1022987365723
"2014-01-03",38.2601051330566
"2014-01-06",37.9595489501953
"2014-01-07",38.4779968261719
"2014-01-08",38.9288177490234
"2014-01-09",39.1542434692383
"2014-01-10",39.2368774414062
"2014-01-13",38.6658401489258
"2014-01-14",38.8912506103516
"2014-01-15",39.1542434692383
"2014-01-16",38.6958961486816
"2014-01-17",38.2375755310059
"2014-01-21",38.004638671875
"2014-01-22",37.786735534668
"2014-01-23",36.9752388000488
"2014-01-24",35.9608840942383
"2014-01-27",35.532600402832
"2014-01-28",36.4117164611816
"2014-01-29",36.0285034179688
"2014-01-30",36.7272796630859
"2014-01-31",36.0360260009766
"2014-02-03",35.2245407104492
"2014-02-04",35.7805557250977
"2014-02-05",35.7955703735352
"2014-02-06",35.8556938171387
"2014-02-07",36.8249778747559
"2014-02-10",36.7272796630859
"2014-02-11",36.8174476623535
"2014-02-12",36.8475189208984
"2014-02-13",37.2607650756836
"2014-02-14",36.8024291992188
"2014-02-18",37.6965713500977
"2014-02-19",37.0052947998047
"2014-02-20",36.9827537536621
"2014-02-21",36.8024291992188
"2014-02-24",37.1555786132812
"2014-02-25",36.8249778747559
"2014-02-26",36.6070747375488
"2014-02-27",37.0503807067871
"2014-02-28",37.3960227966309
"2014-03-03",37.1555786132812
"2014-03-04",37.7566719055176
"2014-03-05",38.2375755310059
"2014-03-06",38.515567779541
"2014-03-07",38.6021881103516
"2014-03-10",38.4289436340332
"2014-03-11",38.0598754882812
"2014-03-12",37.6079444885254
"2014-03-13",36.7116203308105
"2014-03-14",36.5986442565918
"2014-03-17",36.8471908569336
"2014-03-18",37.4799156188965
"2014-03-19",37.4572906494141
"2014-03-20",37.9468841552734
"2014-03-21",37.6757392883301
"2014-03-24",37.4422378540039
"2014-03-25",37.8188552856445
"2014-03-26",37.4347038269043
"2014-03-27",37.2162780761719
"2014-03-28",37.5702972412109
"2014-03-31",37.6681976318359
"2014-04-01",37.6380844116211
"2014-04-02",38.0824661254883
"2014-04-03",38.2858352661133
"2014-04-04",38.0749359130859
"2014-04-07",37.3819847106934
"2014-04-08",37.6907997131348
"2014-04-09",38.4892082214355
"2014-04-10",37.7058753967285
"2014-04-11",37.208740234375
"2014-04-14",37.3367958068848
"2014-04-15",37.540153503418
"2014-04-16",37.954418182373
"2014-04-17",38.2783088684082
"2014-04-21",38.2707786560059
"2014-04-22",38.4138717651367
"2014-04-23",38.8959579467773
"2014-04-24",39.5361747741699
"2014-04-25",38.873348236084
"2014-04-28",39.2499504089355
"2014-04-29",39.7772064208984
"2014-04-30",40.0182189941406
"2014-05-01",39.875114440918
"2014-05-02",39.4307250976562
"2014-05-05",39.7094078063965
"2014-05-06",38.0674018859863
"2014-05-07",38.911003112793
"2014-05-08",39.4457893371582
"2014-05-09",39.3779945373535
"2014-05-12",40.20654296875
"2014-05-13",40.6433944702149
"2014-05-14",40.2140579223633
"2014-05-15",39.814868927002
"2014-05-16",39.5437126159668
"2014-05-19",39.7018661499023
"2014-05-20",39.5361747741699
"2014-05-21",40.3044395446777
"2014-05-22",40.3270416259766
"2014-05-23",40.372241973877
"2014-05-27",40.4852142333984
"2014-05-28",40.2818565368652
"2014-05-29",40.8091087341309
"2014-05-30",40.7262573242188
"2014-06-02",40.8693504333496
"2014-06-03",41.1179084777832
"2014-06-04",41.3288269042969
"2014-06-05",41.3890762329102
"2014-06-06",41.7401084899902
"2014-06-09",41.574031829834
"2014-06-10",41.5287322998047
"2014-06-11",41.3551139831543
"2014-06-12",41.083324432373
"2014-06-13",41.2947082519531
"2014-06-16",41.5060920715332
"2014-06-17",41.6872787475586
"2014-06-18",41.9666061401367
"2014-06-19",42.0496368408203
"2014-06-20",41.9590759277344
"2014-06-23",42.0647315979004
"2014-06-24",41.7174682617188
"2014-06-25",41.438159942627
"2014-06-26",41.438159942627
"2014-06-27",41.2267761230469
"2014-06-30",41.2041168212891
"2014-07-01",41.8080635070801
"2014-07-02",41.7099266052246
"2014-07-03",42.0043449401855
"2014-07-07",41.7552223205566
"2014-07-08",41.4683570861816
"2014-07-09",41.574031829834
"2014-07-10",41.1286125183105
"2014-07-11",41.1588287353516
"2014-07-14",41.5966873168945
"2014-07-15",41.5589370727539
"2014-07-16",41.551399230957
"2014-07-17",41.2947082519531
"2014-07-18",41.6721687316895
"2014-07-21",41.6042327880859
"2014-07-22",41.2947082519531
"2014-07-23",41.5362968444824
"2014-07-24",41.649528503418
"2014-07-25",40.8870391845703
"2014-07-28",40.7285041809082
"2014-07-29",40.2755393981934
"2014-07-30",40.049072265625
"2014-07-31",39.241283416748
"2014-08-01",39.2941398620605
"2014-08-04",39.7546539306641
"2014-08-05",39.4073829650879
"2014-08-06",39.6338577270508
"2014-08-07",39.301700592041
"2014-08-08",39.5961112976074
"2014-08-11",39.9358444213867
"2014-08-12",40.2755393981934
"2014-08-13",40.411449432373
"2014-08-14",40.8115463256836
"2014-08-15",40.7587089538574
"2014-08-18",41.1286125183105
"2014-08-19",41.234317779541
"2014-08-20",41.4230422973633
"2014-08-21",41.9590759277344
"2014-08-22",41.770320892334
"2014-08-25",42.1930732727051
"2014-08-26",42.3365249633789
"2014-08-27",42.3969116210938
"2014-08-28",42.0722961425781
"2014-08-29",42.3214302062988
"2014-09-02",42.125129699707
"2014-09-03",41.9590759277344
"2014-09-04",41.6948318481445
"2014-09-05",41.551399230957
"2014-09-08",41.7627716064453
"2014-09-09",41.6757583618164
"2014-09-10",41.8800315856934
"2014-09-11",41.9405708312988
"2014-09-12",41.7589912414551
"2014-09-15",41.9178810119629
"2014-09-16",42.084342956543
"2014-09-17",42.2583618164062
"2014-09-18",42.6215553283691
"2014-09-19",41.7968063354492
"2014-09-22",41.5622634887695
"2014-09-23",41.2444725036621
"2014-09-24",41.6076469421387
"2014-09-25",40.9796333312988
"2014-09-26",41.2520370483398
"2014-09-29",40.9872131347656
"2014-09-30",40.8737106323242
"2014-10-01",40.0716743469238
"2014-10-02",39.8068466186523
"2014-10-03",40.3667678833008
"2014-10-06",39.927921295166
"2014-10-07",38.5962219238281
"2014-10-08",39.3528633117676
"2014-10-09",38.1498107910156
"2014-10-10",37.8017578125
"2014-10-13",37.6882629394531
"2014-10-14",37.8849945068359
"2014-10-15",37.5974540710449
"2014-10-16",37.3780288696289
"2014-10-17",38.4070625305176
"2014-10-20",38.5962219238281
"2014-10-21",39.4587860107422
"2014-10-22",39.0956039428711
"2014-10-23",39.0577774047851
"2014-10-24",39.4663619995117
"2014-10-27",39.1485748291016
"2014-10-28",39.9808807373047
"2014-10-29",39.6176948547363
"2014-10-30",40.0489730834961
"2014-10-31",40.5332298278809
"2014-11-03",40.7072486877441
"2014-11-04",40.4045944213867
"2014-11-05",40.6921234130859
"2014-11-06",40.7904853820801
"2014-11-07",40.8812866210938
"2014-11-10",41.1309585571289
"2014-11-11",41.1309585571289
"2014-11-12",41.1233978271484
"2014-11-13",41.2369041442871
"2014-11-14",40.7829132080078
"2014-11-17",40.8737106323242
"2014-11-18",40.7753448486328
"2014-11-19",40.8737106323242
"2014-11-20",41.1990699768066
"2014-11-21",41.304988861084
"2014-11-24",41.6908912658691
"2014-11-25",41.3730964660645
"2014-11-26",41.3201293945312
"2014-11-28",41.4638938903809
"2014-12-01",41.1839370727539
"2014-12-02",41.6958465576172
"2014-12-03",41.6351737976074
"2014-12-04",41.8399353027344
"2014-12-05",41.9612731933594
"2014-12-08",42.234302520752
"2014-12-09",42.1584587097168
"2014-12-10",41.5896682739258
"2014-12-11",41.847526550293
"2014-12-12",40.9905395507812
"2014-12-15",40.5582695007324
"2014-12-16",40.1032524108887
"2014-12-17",40.9677925109863
"2014-12-18",41.7185859680176
"2014-12-19",42.302547454834
"2014-12-22",42.5679779052734
"2014-12-23",42.8030853271484
"2014-12-24",42.6817474365234
"2014-12-26",42.7879104614258
"2014-12-29",42.8409996032715
"2014-12-30",42.8561668395996
"2014-12-31",42.4769630432129
"2015-01-02",42.5528182983398
"2015-01-05",41.711009979248
"2015-01-06",41.1194648742676
"2015-01-07",41.3166580200195
"2015-01-08",41.1346397399902
"2015-01-09",40.4369277954102
"2015-01-12",39.7088851928711
"2015-01-13",39.3372764587402
"2015-01-14",38.9656715393066
"2015-01-15",38.2224540710449
"2015-01-16",38.7609062194824
"2015-01-20",38.412052154541
"2015-01-21",38.5485534667969
"2015-01-22",39.6482162475586
"2015-01-23",39.0642395019531
"2015-01-26",38.8367462158203
"2015-01-27",38.2755241394043
"2015-01-28",37.3199768066406
"2015-01-29",37.3578796386719
"2015-01-30",37.0621223449707
"2015-02-02",38.2679481506348
"2015-02-03",38.9277687072754
"2015-02-04",39.0642395019531
"2015-02-05",39.1476821899414
"2015-02-06",39.5117073059082
"2015-02-09",39.5420379638672
"2015-02-10",39.7467956542969
"2015-02-11",39.6254615783691
"2015-02-12",39.7771453857422
"2015-02-13",40.922290802002
"2015-02-17",41.7034187316895
"2015-02-18",41.491081237793
"2015-02-19",41.6958465576172
"2015-02-20",41.877857208252
"2015-02-23",41.384895324707
"2015-02-24",41.7413444519043
"2015-02-25",41.5593376159668
"2015-02-26",41.6579322814941
"2015-02-27",41.9612731933594
"2015-03-02",42.2039527893066
"2015-03-03",42.15087890625
"2015-03-04",41.9992027282715
"2015-03-05",42.1736259460449
"2015-03-06",42.4694023132324
"2015-03-09",42.5528182983398
"2015-03-10",41.3632926940918
"2015-03-11",41.5913162231445
"2015-03-12",42.2601890563965
"2015-03-13",42.0321655273438
"2015-03-16",42.5110206604004
"2015-03-17",42.4122009277344
"2015-03-18",42.8834495544434
"2015-03-19",42.2981872558594
"2015-03-20",42.518611907959
"2015-03-23",42.4350090026855
"2015-03-24",42.0853538513184
"2015-03-25",41.4393081665039
"2015-03-26",41.1732788085938
"2015-03-27",41.0668716430664
"2015-03-30",41.560920715332
"2015-03-31",41.6445198059082
"2015-04-01",41.6597328186035
"2015-04-02",41.9105415344238
"2015-04-06",42.1233673095703
"2015-04-07",41.7889366149902
"2015-04-08",42.1461715698242
"2015-04-09",42.7846374511719
"2015-04-10",43.0126609802246
"2015-04-13",43.6739273071289
"2015-04-14",43.7043266296387
"2015-04-15",44.2895812988281
"2015-04-16",44.2059669494629
"2015-04-17",43.6511268615723
"2015-04-20",43.7119255065918
"2015-04-21",43.0506629943848
"2015-04-22",43.0050582885742
"2015-04-23",43.1342811584473
"2015-04-24",43.3166923522949
"2015-04-27",43.3242874145508
"2015-04-28",43.1722640991211
"2015-04-29",43.0582618713379
"2015-04-30",42.7846374511719
"2015-05-01",43.8867492675781
"2015-05-04",44.2363777160645
"2015-05-05",44.0843658447266
"2015-05-06",44.1983795166016
"2015-05-07",44.8216552734375
"2015-05-08",45.3536834716797
"2015-05-11",44.9964561462402
"2015-05-12",44.6620140075684
"2015-05-13",44.6468238830566
"2015-05-14",44.8216552734375
"2015-05-15",44.3579940795898
"2015-05-18",44.7608261108398
"2015-05-19",45.1560745239258
"2015-05-20",45.5741157531738
"2015-05-21",45.7717361450195
"2015-05-22",45.5133094787598
"2015-05-26",45.0192604064941
"2015-05-27",45.1408653259277
"2015-05-28",45.1864814758301
"2015-05-29",44.5480194091797
"2015-06-01",44.6012268066406
"2015-06-02",45.3612976074219
"2015-06-03",46.4481964111328
"2015-06-04",46.0681648254395
"2015-06-05",45.984561920166
"2015-06-08",45.3460960388184
"2015-06-09",45.6926651000977
"2015-06-10",46.9798812866211
"2015-06-11",47.2159805297851
"2015-06-12",47.139835357666
"2015-06-15",47.6577682495117
"2015-06-16",47.208381652832
"2015-06-17",47.1169815063477
"2015-06-18",47.4444923400879
"2015-06-19",47.094123840332
"2015-06-22",47.6653823852539
"2015-06-23",48.2290191650391
"2015-06-24",47.9243431091309
"2015-06-25",47.5511360168457
"2015-06-26",47.7796287536621
"2015-06-29",46.9113273620605
"2015-06-30",47.0865097045898
"2015-07-01",47.4901924133301
"2015-07-02",47.2845497131348
"2015-07-06",47.1093673706055
"2015-07-07",47.3835678100586
"2015-07-08",46.5838088989258
"2015-07-09",47.0408172607422
"2015-07-10",47.695858001709
"2015-07-13",48.2747077941895
"2015-07-14",48.4194374084473
"2015-07-15",48.7698020935059
"2015-07-16",48.8688278198242
"2015-07-17",48.7850341796875
"2015-07-20",48.7774314880371
"2015-07-21",48.746955871582
"2015-07-22",49.1582565307617
"2015-07-23",48.8535804748535
"2015-07-24",48.4727554321289
"2015-07-27",48.1680946350098
"2015-07-28",48.4879913330078
"2015-07-29",49.1582565307617
"2015-07-30",49.1506462097168
"2015-07-31",48.8383674621582
"2015-08-03",48.8612174987793
"2015-08-04",47.4825706481934
"2015-08-05",47.9548187255859
"2015-08-06",48.0005264282227
"2015-08-07",48.2823448181152
"2015-08-10",48.7393455505371
"2015-08-11",48.2214012145996
"2015-08-12",48.1833267211914
"2015-08-13",48.1680946350098
"2015-08-14",48.937370300293
"2015-08-17",48.9754524230957
"2015-08-18",48.5260696411133
"2015-08-19",47.9243431091309
"2015-08-20",47.0027351379395
"2015-08-21",45.4946136474609
"2015-08-24",43.3695449829102
"2015-08-25",43.1410522460938
"2015-08-26",45.060474395752
"2015-08-27",46.5457153320312
"2015-08-28",46.4619407653809
"2015-08-31",45.9592437744141
"2015-09-01",44.7329406738281
"2015-09-02",45.0147666931152
"2015-09-03",45.2813568115234
"2015-09-04",44.2378692626953
"2015-09-08",45.121395111084
"2015-09-09",44.5806198120117
"2015-09-10",44.5576438903809
"2015-09-11",44.6418380737305
"2015-09-14",44.3892822265625
"2015-09-15",44.8867454528809
"2015-09-16",45.0780792236328
"2015-09-17",44.7183685302734
"2015-09-18",44.2209091186523
"2015-09-21",44.412239074707
"2015-09-22",43.8382339477539
"2015-09-23",43.7004814147949
"2015-09-24",43.5474090576172
"2015-09-25",44.0372161865234
"2015-09-28",42.5984077453613
"2015-09-29",42.6443176269531
"2015-09-30",43.4861907958984
"2015-10-01",43.5627136230469
"2015-10-02",43.7693557739258
"2015-10-05",44.603572845459
"2015-10-06",44.1443901062012
"2015-10-07",44.2515144348145
"2015-10-08",44.5729675292969
"2015-10-09",44.5346946716309
"2015-10-12",44.9097137451172
"2015-10-13",44.9173622131348
"2015-10-14",44.412239074707
"2015-10-15",45.3000221252441
"2015-10-16",45.9199447631836
"2015-10-19",45.9199447631836
"2015-10-20",46.1265907287598
"2015-10-21",46.0959625244141
"2015-10-22",46.4939384460449
"2015-10-23",46.8995666503906
"2015-10-26",46.8077354431152
"2015-10-27",46.6240501403809
"2015-10-28",48.8970794677734
"2015-10-29",48.5909538269043
"2015-10-30",48.2618675231934
"2015-11-02",48.7822914123535
"2015-11-03",46.654655456543
"2015-11-04",46.5322074890137
"2015-11-05",47.4506072998047
"2015-11-06",47.3970375061035
"2015-11-09",46.846004486084
"2015-11-10",46.9531364440918
"2015-11-11",46.4327163696289
"2015-11-12",45.4454345703125
"2015-11-13",45.3918647766113
"2015-11-16",46.4250640869141
"2015-11-17",46.6852760314941
"2015-11-18",47.4199905395508
"2015-11-19",47.4353103637695
"2015-11-20",47.611328125
"2015-11-23",48.0322608947754
"2015-11-24",48.3077812194824
"2015-11-25",48.330753326416
"2015-11-27",48.7363739013672
"2015-11-30",48.6598358154297
"2015-12-01",49.073127746582
"2015-12-02",48.5986137390137
"2015-12-03",47.9375114440918
"2015-12-04",49.1905250549316
"2015-12-07",48.2757415771484
"2015-12-08",48.2372970581055
"2015-12-09",47.7991485595703
"2015-12-10",46.8766708374023
"2015-12-11",45.7082138061523
"2015-12-14",44.9087409973145
"2015-12-15",46.0771980285645
"2015-12-16",46.8382415771484
"2015-12-17",46.2232513427734
"2015-12-18",45.8158340454102
"2015-12-21",46.1002655029297
"2015-12-22",46.6844940185547
"2015-12-23",47.207218170166
"2015-12-24",47.4301414489746
"2015-12-28",47.3532829284668
"2015-12-29",48.0758781433105
"2015-12-30",48.0528144836426
"2015-12-31",47.6376991271973
"2016-01-04",46.4538726806641
"2016-01-05",46.6152877807617
"2016-01-06",45.9311370849609
"2016-01-07",44.8318862915039
"2016-01-08",44.1630706787109
"2016-01-11",44.3475799560547
"2016-01-12",44.5551300048828
"2016-01-13",43.5634727478027
"2016-01-14",44.0477828979492
"2016-01-15",43.1176147460938
"2016-01-19",43.1714324951172
"2016-01-20",42.3181533813477
"2016-01-21",42.5180206298828
"2016-01-22",43.3174896240234
"2016-01-25",42.5564613342285
"2016-01-26",42.9792518615723
"2016-01-27",41.926097869873
"2016-01-28",42.0567893981934
"2016-01-29",43.4174118041992
"2016-02-01",43.2713661193848
"2016-02-02",42.533374786377
"2016-02-03",41.7493019104004
"2016-02-04",41.5263671875
"2016-02-05",41.0266990661621
"2016-02-08",40.204174041748
"2016-02-09",40.1657257080078
"2016-02-10",40.3194808959961
"2016-02-11",38.8358383178711
"2016-02-12",40.7422637939453
"2016-02-16",40.0196685791016
"2016-02-17",40.4885940551758
"2016-02-18",39.9120483398438
"2016-02-19",39.612247467041
"2016-02-22",40.0504112243652
"2016-02-23",39.2509422302246
"2016-02-24",39.1433258056641
"2016-02-25",39.4892539978027
"2016-02-26",39.2740097045898
"2016-02-29",38.58984375
"2016-03-01",39.8813095092773
"2016-03-02",39.8428688049316
"2016-03-03",40.1811103820801
"2016-03-04",40.204174041748
"2016-03-07",40.4809074401855
"2016-03-08",39.919734954834
"2016-03-09",39.6583786010742
"2016-03-10",39.8672142028809
"2016-03-11",40.9114799499512
"2016-03-14",40.8960075378418
"2016-03-15",41.0120239257812
"2016-03-16",40.9269523620605
"2016-03-17",41.1357955932617
"2016-03-18",41.5457572937012
"2016-03-21",41.4374618530273
"2016-03-22",41.5534973144531
"2016-03-23",41.3369216918945
"2016-03-24",40.9810905456543
"2016-03-28",41.3137016296387
"2016-03-29",41.2982292175293
"2016-03-30",42.1723022460938
"2016-03-31",41.8087501525879
"2016-04-01",42.4585227966309
"2016-04-04",42.0794868469238
"2016-04-05",41.5225601196289
"2016-04-06",41.8551597595215
"2016-04-07",41.0816383361816
"2016-04-08",41.1203231811523
"2016-04-11",41.3137016296387
"2016-04-12",41.6076316833496
"2016-04-13",42.6518783569336
"2016-04-14",42.7447052001953
"2016-04-15",42.5049209594727
"2016-04-18",42.7601890563965
"2016-04-19",43.1005325317383
"2016-04-20",43.4099388122559
"2016-04-21",42.9458465576172
"2016-04-22",43.4640884399414
"2016-04-25",43.278434753418
"2016-04-26",43.7425575256348
"2016-04-27",43.8044509887695
"2016-04-28",43.1856269836426
"2016-04-29",43.1778831481934
"2016-05-02",43.773494720459
"2016-05-03",43.2707023620605
"2016-05-04",42.4275703430176
"2016-05-05",42.3966293334961
"2016-05-06",42.5745391845703
"2016-05-09",42.736988067627
"2016-05-10",43.5878562927246
"2016-05-11",43.2861785888672
"2016-05-12",43.5414428710938
"2016-05-13",43.0541229248047
"2016-05-16",42.7601890563965
"2016-05-17",42.8530082702637
"2016-05-18",43.8663139343262
"2016-05-19",43.595588684082
"2016-05-20",44.0674362182617
"2016-05-23",44.0132865905762
"2016-05-24",44.6321029663086
"2016-05-25",44.9028396606445
"2016-05-26",44.6707801818848
"2016-05-27",45.111701965332
"2016-05-31",44.7713317871094
"2016-06-01",44.6630477905273
"2016-06-02",44.740406036377
"2016-06-03",44.2917594909668
"2016-06-06",44.3149604797363
"2016-06-07",44.1370620727539
"2016-06-08",44.0287666320801
"2016-06-09",43.639820098877
"2016-06-10",42.7763595581055
"2016-06-13",42.3173828125
"2016-06-14",41.9984512329102
"2016-06-15",41.6717376708984
"2016-06-16",41.7184143066406
"2016-06-17",41.5550651550293
"2016-06-20",41.7961959838867
"2016-06-21",41.8428688049316
"2016-06-22",41.7573051452637
"2016-06-23",42.5585479736328
"2016-06-24",39.4547386169434
"2016-06-27",37.9534149169922
"2016-06-28",38.7546424865723
"2016-06-29",40.0303802490234
"2016-06-30",41.1427726745605
"2016-07-01",41.1272163391113
"2016-07-05",39.8359031677246
"2016-07-06",39.8748016357422
"2016-07-07",40.310432434082
"2016-07-08",41.2361221313477
"2016-07-11",41.4539260864258
"2016-07-12",41.8973274230957
"2016-07-13",41.8584403991699
"2016-07-14",42.3173828125
"2016-07-15",42.348503112793
"2016-07-18",42.4418525695801
"2016-07-19",42.3640670776367
"2016-07-20",42.449634552002
"2016-07-21",42.2318305969238
"2016-07-22",42.4885292053223
"2016-07-25",42.5196418762207
"2016-07-26",42.5429840087891
"2016-07-27",42.4885292053223
"2016-07-28",42.6207695007324
"2016-07-29",42.348503112793
"2016-08-01",42.1695747375488
"2016-08-02",42.1151466369629
"2016-08-03",45.1955986022949
"2016-08-04",44.8144264221191
"2016-08-05",45.9734878540039
"2016-08-08",46.1990737915039
"2016-08-09",46.1057281494141
"2016-08-10",45.8956985473633
"2016-08-11",46.035717010498
"2016-08-12",45.7790069580078
"2016-08-15",46.0668411254883
"2016-08-16",46.1368408203125
"2016-08-17",45.9190330505371
"2016-08-18",45.8801536560059
"2016-08-19",45.786792755127
"2016-08-22",45.8879318237305
"2016-08-23",45.9112586975098
"2016-08-24",45.8256988525391
"2016-08-25",45.8490142822266
"2016-08-26",45.9112586975098
"2016-08-29",46.2302055358887
"2016-08-30",46.3935432434082
"2016-08-31",46.5413551330566
"2016-09-01",46.2146530151367
"2016-09-02",46.5646858215332
"2016-09-06",46.2457618713379
"2016-09-07",46.183521270752
"2016-09-08",45.926830291748
"2016-09-09",45.638988494873
"2016-09-12",45.8879318237305
"2016-09-13",45.5437774658203
"2016-09-14",45.4264602661133
"2016-09-15",45.8253517150879
"2016-09-16",45.2856903076172
"2016-09-19",45.2387466430664
"2016-09-20",45.2387466430664
"2016-09-21",45.4342842102051
"2016-09-22",46.1382102966309
"2016-09-23",45.9348487854004
"2016-09-26",45.5594253540039
"2016-09-27",45.762767791748
"2016-09-28",46.5370979309082
"2016-09-29",45.6767425537109
"2016-09-30",46.4119453430176
"2016-10-03",46.0834579467773
"2016-10-04",46.2085990905762
"2016-10-05",46.8499565124512
"2016-10-06",46.8890571594238
"2016-10-07",46.9750900268555
"2016-10-10",47.2723007202149
"2016-10-11",46.8186569213867
"2016-10-12",47.2723007202149
"2016-10-13",46.607494354248
"2016-10-14",46.8186569213867
"2016-10-17",47.1549873352051
"2016-10-18",47.3114204406738
"2016-10-19",47.4834823608398
"2016-10-20",46.9829063415527
"2016-10-21",46.9281692504883
"2016-10-24",47.1784515380859
"2016-10-25",47.3583297729492
"2016-10-26",47.7963218688965
"2016-10-27",48.0387954711914
"2016-10-28",47.9293022155762
"2016-10-31",48.2577819824219
"2016-11-01",47.4600296020508
"2016-11-02",47.3583297729492
"2016-11-03",45.4812164306641
"2016-11-04",44.878963470459
"2016-11-07",46.3650245666504
"2016-11-08",46.5370979309082
"2016-11-09",47.6555404663086
"2016-11-10",49.4388160705566
"2016-11-11",49.5248603820801
"2016-11-14",50.4086570739746
"2016-11-15",50.5259857177734
"2016-11-16",50.1349067687988
"2016-11-17",50.2366065979004
"2016-11-18",49.9863204956055
"2016-11-21",49.9941253662109
"2016-11-22",50.0567016601562
"2016-11-23",50.314811706543
"2016-11-25",50.4008522033691
"2016-11-28",49.5170364379883
"2016-11-29",49.4935684204102
"2016-11-30",49.5326805114746
"2016-12-01",50.1427383422851
"2016-12-02",49.8611831665039
"2016-12-05",50.2287826538086
"2016-12-06",50.4645919799805
"2016-12-07",51.0305442810059
"2016-12-08",51.7379951477051
"2016-12-09",51.7458648681641
"2016-12-12",51.5807991027832
"2016-12-13",52.1231536865234
"2016-12-14",51.8873596191406
"2016-12-15",52.0288276672363
"2016-12-16",52.1152992248535
"2016-12-19",52.3039703369141
"2016-12-20",52.3511047363281
"2016-12-21",52.3982963562012
"2016-12-22",52.0602798461914
"2016-12-23",52.201774597168
"2016-12-27",52.4297142028809
"2016-12-28",51.7851638793945
"2016-12-29",51.4864616394043
"2016-12-30",51.3370971679688
"2017-01-03",51.1877632141113
"2017-01-04",51.855899810791
"2017-01-05",51.5650634765625
"2017-01-06",52.5161933898926
"2017-01-09",52.1781845092773
"2017-01-10",52.8227615356445
"2017-01-11",52.6262359619141
"2017-01-12",52.0759963989258
"2017-01-13",52.1546096801758
"2017-01-17",51.926643371582
"2017-01-18",52.0681343078613
"2017-01-19",52.1074523925781
"2017-01-20",52.3039703369141
"2017-01-23",51.4785995483398
"2017-01-24",51.4864616394043
"2017-01-25",51.6593971252441
"2017-01-26",51.895206451416
"2017-01-27",51.2585105895996
"2017-01-30",51.0069694519043
"2017-01-31",50.5117645263672
"2017-02-01",50.5196189880371
"2017-02-02",50.4017105102539
"2017-02-03",51.046272277832
"2017-02-06",51.0148391723633
"2017-02-07",50.9991073608398
"2017-02-08",51.0226898193359
"2017-02-09",51.3449668884277
"2017-02-10",51.572925567627
"2017-02-13",51.9895324707031
"2017-02-14",52.5790710449219
"2017-02-15",47.8313217163086
"2017-02-16",48.9475173950195
"2017-02-17",49.128303527832
"2017-02-21",49.8436050415039
"2017-02-22",50.1737594604492
"2017-02-23",50.3231086730957
"2017-02-24",50.0165367126465
"2017-02-27",50.3073806762695
"2017-02-28",50.2444877624512
"2017-03-01",50.802604675293
"2017-03-02",50.2287750244141
"2017-03-03",50.4803161621094
"2017-03-06",50.1344528198242
"2017-03-07",49.8750534057617
"2017-03-08",49.8671875
"2017-03-09",49.6863975524902
"2017-03-10",49.5842170715332
"2017-03-13",49.9160346984863
"2017-03-14",49.679027557373
"2017-03-15",49.9555473327637
"2017-03-16",49.7027130126953
"2017-03-17",49.3155975341797
"2017-03-20",49.2760848999023
"2017-03-21",48.7941627502441
"2017-03-22",48.3833274841309
"2017-03-23",48.462329864502
"2017-03-24",48.0989036560059
"2017-03-27",48.1384086608887
"2017-03-28",48.873161315918
"2017-03-29",48.8020553588867
"2017-03-30",49.4341125488281
"2017-03-31",49.3234939575195
"2017-04-03",48.8178482055664
"2017-04-04",49.1259803771973
"2017-04-05",48.6835517883301
"2017-04-06",48.857364654541
"2017-04-07",48.462329864502
"2017-04-10",48.572940826416
"2017-04-11",48.0278053283691
"2017-04-12",47.5379600524902
"2017-04-13",47.0481338500977
"2017-04-17",47.3483352661133
"2017-04-18",47.008617401123
"2017-04-19",46.597785949707
"2017-04-20",47.142936706543
"2017-04-21",46.7162895202637
"2017-04-24",47.1587219238281
"2017-04-25",47.4589424133301
"2017-04-26",47.5300521850586
"2017-04-27",48.3122215270996
"2017-04-28",48.1226081848145
"2017-05-01",48.6756439208984
"2017-05-02",48.6124382019043
"2017-05-03",48.6203384399414
"2017-05-04",49.5131149291992
"2017-05-05",49.5447082519531
"2017-05-08",48.9205627441406
"2017-05-09",48.8415603637695
"2017-05-10",48.4860382080078
"2017-05-11",48.8178482055664
"2017-05-12",48.1858139038086
"2017-05-15",48.8415603637695
"2017-05-16",49.0469665527344
"2017-05-17",48.6361503601074
"2017-05-18",48.5018348693848
"2017-05-19",48.3517303466797
"2017-05-22",48.4939384460449
"2017-05-23",49.1180725097656
"2017-05-24",49.4577903747559
"2017-05-25",49.8686370849609
"2017-05-26",50.2083625793457
"2017-05-30",50.6428871154785
"2017-05-31",50.2715797424316
"2017-06-01",50.4848785400391
"2017-06-02",50.7535018920898
"2017-06-05",50.4295768737793
"2017-06-06",50.0187454223633
"2017-06-07",49.9002227783203
"2017-06-08",50.2952766418457
"2017-06-09",50.7060966491699
"2017-06-12",50.6743431091309
"2017-06-13",50.9998931884766
"2017-06-14",51.0157699584961
"2017-06-15",50.6664009094238
"2017-06-16",50.6505241394043
"2017-06-19",50.7775688171387
"2017-06-20",50.3329124450684
"2017-06-21",50.1979370117188
"2017-06-22",50.0629463195801
"2017-06-23",50.0391273498535
"2017-06-26",50.1661682128906
"2017-06-27",50.3487930297851
"2017-06-28",50.6902236938477
"2017-06-29",50.4202537536621
"2017-06-30",49.6421127319336
"2017-07-03",50.2535133361816
"2017-07-05",49.848560333252
"2017-07-06",50.0867614746094
"2017-07-07",50.3011474609375
"2017-07-10",50.0788269042969
"2017-07-11",49.951774597168
"2017-07-12",50.1741104125977
"2017-07-13",50.920482635498
"2017-07-14",50.9046096801758
"2017-07-17",50.8569641113281
"2017-07-18",50.7140426635742
"2017-07-19",50.9681243896484
"2017-07-20",50.9998931884766
"2017-07-21",50.9760475158691
"2017-07-24",51.238094329834
"2017-07-25",51.8415374755859
"2017-07-26",51.7621459960938
"2017-07-27",51.746265411377
"2017-07-28",51.8256683349609
"2017-07-31",51.9685897827149
"2017-08-01",51.9924278259277
"2017-08-02",52.3259239196777
"2017-08-03",52.4529304504395
"2017-08-04",51.6747970581055
"2017-08-07",51.5953941345215
"2017-08-08",51.2698669433594
"2017-08-09",50.8252029418945
"2017-08-10",50.0232467651367
"2017-08-11",49.7453498840332
"2017-08-14",49.9279632568359
"2017-08-15",50.047061920166
"2017-08-16",49.9994201660156
"2017-08-17",48.9671936035156
"2017-08-18",48.7051811218262
"2017-08-21",48.665470123291
"2017-08-22",48.6099014282227
"2017-08-23",48.2525825500488
"2017-08-24",47.8237991333008
"2017-08-25",48.2605247497559
"2017-08-28",48.1652412414551
"2017-08-29",47.807918548584
"2017-08-30",47.7999992370605
"2017-08-31",48.0223159790039
"2017-09-01",48.1970062255859
"2017-09-05",47.3632659912109
"2017-09-06",47.2203483581543
"2017-09-07",46.267520904541
"2017-09-08",47.4665031433105
"2017-09-11",48.2525825500488
"2017-09-12",48.5940208435059
"2017-09-13",48.228759765625
"2017-09-14",47.7418556213379
"2017-09-15",47.5901718139649
"2017-09-18",47.4065818786621
"2017-09-19",47.4864082336426
"2017-09-20",47.9892845153809
"2017-09-21",48.2926216125488
"2017-09-22",48.4602394104004
"2017-09-25",48.6997108459473
"2017-09-26",48.2686653137207
"2017-09-27",48.8912773132324
"2017-09-28",48.6677856445312
"2017-09-29",49.003044128418
"2017-10-02",49.3782005310059
"2017-10-03",49.1946067810059
"2017-10-04",49.1546974182129
"2017-10-05",49.4739837646484
"2017-10-06",49.6975059509277
"2017-10-09",49.3143539428711
"2017-10-10",49.3143539428711
"2017-10-11",49.362232208252
"2017-10-12",49.9289703369141
"2017-10-13",50.4158897399902
"2017-10-16",51.0704383850098
"2017-10-17",50.791072845459
"2017-10-18",50.639404296875
"2017-10-19",51.9405097961426
"2017-10-20",51.7808609008789
"2017-10-23",51.852710723877
"2017-10-24",51.9883880615234
"2017-10-25",51.9644508361816
"2017-10-26",51.7648963928223
"2017-10-27",51.5254364013672
"2017-10-30",51.7090148925781
"2017-10-31",51.5733222961426
"2017-11-01",51.6132507324219
"2017-11-02",51.8686599731445
"2017-11-03",49.4899482727051
"2017-11-06",49.8810958862305
"2017-11-07",49.5937232971191
"2017-11-08",49.2265357971191
"2017-11-09",49.6815223693848
"2017-11-10",49.5378570556641
"2017-11-13",49.4899482727051
"2017-11-14",49.0589179992676
"2017-11-15",48.8034820556641
"2017-11-16",47.9413986206055
"2017-11-17",47.9413986206055
"2017-11-20",47.6460571289062
"2017-11-21",47.5981712341309
"2017-11-22",47.278881072998
"2017-11-24",47.1192321777344
"2017-11-27",46.9037094116211
"2017-11-28",47.749828338623
"2017-11-29",48.1329650878906
"2017-11-30",47.861572265625
"2017-12-01",47.7977180480957
"2017-12-04",47.3028182983398
"2017-12-05",47.5183448791504
"2017-12-06",47.9174461364746
"2017-12-07",47.7890510559082
"2017-12-08",47.7569427490234
"2017-12-11",47.9816551208496
"2017-12-12",48.0940017700195
"2017-12-13",47.323600769043
"2017-12-14",46.6334495544434
"2017-12-15",47.6606597900391
"2017-12-18",47.8131217956543
"2017-12-19",47.9736213684082
"2017-12-20",48.1501770019531
"2017-12-21",48.2143859863281
"2017-12-22",47.5964622497559
"2017-12-26",47.6927452087402
"2017-12-27",47.7810401916504
"2017-12-28",48.1501770019531
"2017-12-29",47.8131217956543
"2018-01-02",47.7489280700684
"2018-01-03",48.2785720825195
"2018-01-04",48.4711761474609
"2018-01-05",48.671802520752
"2018-01-08",48.3508033752441
"2018-01-09",48.6557579040527
"2018-01-10",48.9526824951172
"2018-01-11",49.0730667114258
"2018-01-12",48.9286041259766
"2018-01-16",49.000846862793
"2018-01-17",49.2897186279297
"2018-01-18",49.3780059814453
"2018-01-19",49.3940582275391
"2018-01-22",48.9526824951172
"2018-01-23",50.0280418395996
"2018-01-24",51.6169967651367
"2018-01-25",52.002197265625
"2018-01-26",51.9058952331543
"2018-01-29",51.5688400268555
"2018-01-30",50.8385467529297
"2018-01-31",51.2959938049316
"2018-02-01",51.4966239929199
"2018-02-02",50.5897903442383
"2018-02-05",48.6557579040527
"2018-02-06",48.358829498291
"2018-02-07",48.5273628234863
"2018-02-08",46.7698822021484
"2018-02-09",48.3267250061035
"2018-02-12",47.8372116088867
"2018-02-13",47.6927452087402
"2018-02-14",47.6766967773438
"2018-02-15",47.5322494506836
"2018-02-16",47.7248611450195
"2018-02-20",48.1822738647461
"2018-02-21",48.2946357727051
"2018-02-22",48.1180725097656
"2018-02-23",48.206356048584
"2018-02-26",47.3556938171387
"2018-02-27",46.7297515869141
"2018-02-28",46.0155296325684
"2018-03-01",45.3173522949219
"2018-03-02",45.3494415283203
"2018-03-05",46.2402229309082
"2018-03-06",46.5692520141602
"2018-03-07",45.991455078125
"2018-03-08",45.1568412780762
"2018-03-09",45.3976058959961
"2018-03-12",45.4296913146973
"2018-03-13",44.8920097351074
"2018-03-14",44.3350982666016
"2018-03-15",44.1171913146973
"2018-03-16",43.8266105651855
"2018-03-19",43.947681427002
"2018-03-20",44.9000930786133
"2018-03-21",45.0695838928223
"2018-03-22",44.2382583618164
"2018-03-23",43.1082878112793
"2018-03-26",43.753978729248
"2018-03-27",43.406909942627
"2018-03-28",44.0041809082031
"2018-03-29",43.9234809875488
"2018-04-02",42.8742179870605
"2018-04-03",43.3665580749512
"2018-04-04",43.7620468139649
"2018-04-05",44.0283966064453
"2018-04-06",43.2616348266602
"2018-04-09",43.0194931030273
"2018-04-10",43.1970634460449
"2018-04-11",43.067928314209
"2018-04-12",43.1728591918945
"2018-04-13",43.2535705566406
"2018-04-16",43.8104667663574
"2018-04-17",43.7943344116211
"2018-04-18",43.955753326416
"2018-04-19",44.5368957519531
"2018-04-20",44.7386627197266
"2018-04-23",44.5368957519531
"2018-04-24",44.4642448425293
"2018-04-25",44.7144508361816
"2018-04-26",44.8274459838867
"2018-04-27",45.4005088806152
"2018-04-30",45.1987152099609
"2018-05-01",45.4489364624023
"2018-05-02",44.2624588012695
"2018-05-03",41.9218139648438
"2018-05-04",42.6482200622559
"2018-05-07",43.003360748291
"2018-05-08",42.8419227600098
"2018-05-09",42.6320838928223
"2018-05-10",42.5755805969238
"2018-05-11",42.6562995910645
"2018-05-14",42.7127914428711
"2018-05-15",42.963005065918
"2018-05-16",43.3504066467285
"2018-05-17",44.222110748291
"2018-05-18",44.5126724243164
"2018-05-21",44.625659942627
"2018-05-22",44.4884643554688
"2018-05-23",43.6974868774414
"2018-05-24",43.3504066467285
"2018-05-25",43.0194931030273
"2018-05-29",42.1155204772949
"2018-05-30",42.8338584899902
"2018-05-31",42.6078681945801
"2018-06-01",43.0114288330078
"2018-06-04",43.406909942627
"2018-06-05",43.4553451538086
"2018-06-06",43.5360488891602
"2018-06-07",43.4795684814453
"2018-06-08",44.4884643554688
"2018-06-11",44.496524810791
"2018-06-12",44.0364723205566
"2018-06-13",44.4099388122559
"2018-06-14",44.4911193847656
"2018-06-15",44.8239974975586
"2018-06-18",45.100040435791
"2018-06-19",45.0594482421875
"2018-06-20",44.8239974975586
"2018-06-21",44.0445938110351
"2018-06-22",44.2150802612305
"2018-06-25",44.0202331542969
"2018-06-26",43.5493278503418
"2018-06-27",42.932315826416
"2018-06-28",43.216480255127
"2018-06-29",43.0459785461426
"2018-07-02",43.3220176696777
"2018-07-03",43.5736999511719
"2018-07-05",43.7766609191895
"2018-07-06",44.1420135498047
"2018-07-09",45.108154296875
"2018-07-10",45.0269622802734
"2018-07-11",44.296272277832
"2018-07-12",44.0851821899414
"2018-07-13",44.0364837646484
"2018-07-16",44.4667701721191
"2018-07-17",44.4180488586426
"2018-07-18",44.7590408325195
"2018-07-19",43.7198448181152
"2018-07-20",43.2895393371582
"2018-07-23",43.3544883728027
"2018-07-24",43.5980453491211
"2018-07-25",43.492504119873
"2018-07-26",44.0445938110351
"2018-07-27",44.133903503418
"2018-07-30",44.6047859191895
"2018-07-31",44.8239974975586
"2018-08-01",44.6453857421875
"2018-08-02",44.7833976745605
"2018-08-03",43.5574645996094
"2018-08-06",43.370735168457
"2018-08-07",43.0216217041016
"2018-08-08",42.5750732421875
"2018-08-09",42.2178497314453
"2018-08-10",42.3964691162109
"2018-08-13",42.2990417480469
"2018-08-14",42.485782623291
"2018-08-15",42.2990417480469
"2018-08-16",42.5913238525391
"2018-08-17",42.6887474060059
"2018-08-20",43.1596374511719
"2018-08-21",43.6792373657227
"2018-08-22",43.1352767944336
"2018-08-23",42.7130928039551
"2018-08-24",43.2814140319824
"2018-08-27",44.0202331542969
"2018-08-28",43.8740921020508
"2018-08-29",43.7604370117188
"2018-08-30",43.5493278503418
"2018-08-31",43.1677436828613
"2018-09-04",43.330135345459
"2018-09-05",43.6954803466797
"2018-09-06",43.7604370117188
"2018-09-07",43.5736999511719
"2018-09-10",42.802417755127
"2018-09-11",42.5182495117188
"2018-09-12",42.477653503418
"2018-09-13",42.7618217468262
"2018-09-14",43.4969711303711
"2018-09-17",43.5378189086914
"2018-09-18",44.0687675476074
"2018-09-19",44.0197448730469
"2018-09-20",44.3709945678711
"2018-09-21",44.6568908691406
"2018-09-24",44.6405601501465
"2018-09-25",44.444507598877
"2018-09-26",44.1504516601562
"2018-09-27",43.611328125
"2018-09-28",43.4888076782227
"2018-10-01",43.3581161499023
"2018-10-02",43.3907814025879
"2018-10-03",43.5133209228516
"2018-10-04",44.0279312133789
"2018-10-05",43.7828750610351
"2018-10-08",44.1504516601562
"2018-10-09",43.9625778198242
"2018-10-10",42.7944793701172
"2018-10-11",40.9565849304199
"2018-10-12",40.654354095459
"2018-10-15",40.066234588623
"2018-10-16",40.2704429626465
"2018-10-17",40.5318298339844
"2018-10-18",39.7068214416504
"2018-10-19",38.5550651550293
"2018-10-22",36.7253265380859
"2018-10-23",36.0881996154785
"2018-10-24",34.4953575134277
"2018-10-25",34.6178817749023
"2018-10-26",33.4252738952637
"2018-10-29",32.6002655029297
"2018-10-30",33.4579582214355
"2018-10-31",33.7275123596191
"2018-11-01",35.2223434448242
"2018-11-02",35.3530311584473
"2018-11-05",36.0473518371582
"2018-11-06",36.6763153076172
"2018-11-07",36.2924118041992
"2018-11-08",36.145378112793
"2018-11-09",35.7941207885742
"2018-11-12",34.6913909912109
"2018-11-13",34.4381713867188
"2018-11-14",34.2584533691406
"2018-11-15",34.8710975646973
"2018-11-16",35.0753021240234
"2018-11-19",35.3693656921387
"2018-11-20",35.1733322143555
"2018-11-21",35.8268089294434
"2018-11-23",35.4265518188477
"2018-11-26",35.8186340332031
"2018-11-27",35.4755554199219
"2018-11-28",36.2025604248047
"2018-11-29",35.4837265014648
"2018-11-30",35.3285255432129
"2018-12-03",35.2713432312012
"2018-12-04",33.3027648925781
"2018-12-06",32.1918525695801
"2018-12-07",30.9584140777588
"2018-12-10",30.6398391723633
"2018-12-11",30.1455154418945
"2018-12-12",31.0435390472412
"2018-12-13",30.7222290039062
"2018-12-14",30.8870048522949
"2018-12-17",30.8622856140137
"2018-12-18",30.9446659088135
"2018-12-19",32.4111595153809
"2018-12-20",31.4307632446289
"2018-12-21",30.8128528594971
"2018-12-24",30.7551822662354
"2018-12-26",31.7932605743408
"2018-12-27",32.4029312133789
"2018-12-28",31.8179798126221
"2018-12-31",32.4688415527344
"2019-01-02",32.641845703125
"2019-01-03",31.9250755310059
"2019-01-04",33.103214263916
"2019-01-07",33.2927055358887
"2019-01-08",33.4245300292969
"2019-01-09",33.9106178283691
"2019-01-10",34.1248245239258
"2019-01-11",34.3225517272949
"2019-01-14",34.6026725769043
"2019-01-15",34.9734077453613
"2019-01-16",35.5336494445801
"2019-01-17",35.665470123291
"2019-01-18",36.3822402954102
"2019-01-22",35.7231407165527
"2019-01-23",35.2782325744629
"2019-01-24",35.3771095275879
"2019-01-25",35.574836730957
"2019-01-28",35.2782325744629
"2019-01-29",34.8168716430664
"2019-01-30",35.2700042724609
"2019-01-31",35.616039276123
"2019-02-01",36.1021118164062
"2019-02-04",36.2504119873047
"2019-02-05",35.9702987670898
"2019-02-06",35.9620513916016
"2019-02-07",35.2864875793457
"2019-02-08",34.9734077453613
"2019-02-11",35.4677352905273
"2019-02-12",36.1103515625
"2019-02-13",36.3987159729004
"2019-02-14",33.111457824707
"2019-02-15",34.8663101196289
"2019-02-19",35.4183044433594
"2019-02-20",35.665470123291
"2019-02-21",35.4347801208496
"2019-02-22",35.3194389343262
"2019-02-25",36.1103515625
"2019-02-26",36.1350746154785
"2019-02-27",35.8137626647949
"2019-02-28",35.5913162231445
"2019-03-01",35.616039276123
"2019-03-04",35.8467292785645
"2019-03-05",35.5665969848633
"2019-03-06",35.0146102905273
"2019-03-07",34.4461364746094
"2019-03-08",34.7674407958984
"2019-03-11",35.2782325744629
"2019-03-12",35.4677352905273
"2019-03-13",36.0773963928223
"2019-03-14",36.3097839355469
"2019-03-15",36.5504722595215
"2019-03-18",36.749641418457
"2019-03-19",36.4010810852051
"2019-03-20",35.6541404724121
"2019-03-21",36.0442047119141
"2019-03-22",35.3719482421875
"2019-03-25",35.2308692932129
"2019-03-26",35.7288284301758
"2019-03-27",35.8035125732422
"2019-03-28",35.7703247070312
"2019-03-29",35.7371215820312
"2019-04-01",36.5089683532715
"2019-04-02",36.1438026428223
"2019-04-03",36.4093704223633
"2019-04-04",37.0152320861816
"2019-04-05",37.3887062072754
"2019-04-08",37.2393112182617
"2019-04-09",37.0401306152344
"2019-04-10",37.2476081848145
"2019-04-11",37.9364585876465
"2019-04-12",38.3348274230957
"2019-04-15",38.0111541748047
"2019-04-16",38.7912864685059
"2019-04-17",38.1522483825684
"2019-04-18",38.2103500366211
"2019-04-22",38.1771545410156
"2019-04-23",38.1605415344238
"2019-04-24",37.961368560791
"2019-04-25",37.5049018859863
"2019-04-26",38.2186393737793
"2019-04-29",38.9987831115723
"2019-04-30",39.4801445007324
"2019-05-01",38.8991889953613
"2019-05-02",38.8410949707031
"2019-05-03",39.0983772277832
"2019-05-06",39.0983772277832
"2019-05-07",41.7458877563477
"2019-05-08",41.4636993408203
"2019-05-09",42.1857490539551
"2019-05-10",42.8579864501953
"2019-05-13",42.0944557189941
"2019-05-14",42.7252082824707
"2019-05-15",43.0322799682617
"2019-05-16",43.3476524353027
"2019-05-17",43.4638481140137
"2019-05-20",43.5136375427246
"2019-05-21",43.5717353820801
"2019-05-22",43.6215286254883
"2019-05-23",43.3227691650391
"2019-05-24",43.7875366210938
"2019-05-28",43.2148704528809
"2019-05-29",42.8413848876953
"2019-05-30",43.1069755554199
"2019-05-31",42.3849258422851
"2019-06-03",43.7460289001465
"2019-06-04",44.6755676269531
"2019-06-05",44.5510711669922
"2019-06-06",44.443172454834
"2019-06-07",43.9120140075684
"2019-06-10",44.2605857849121
"2019-06-11",44.053108215332
"2019-06-12",43.9535064697266
"2019-06-13",44.4211006164551
"2019-06-14",44.5129508972168
"2019-06-17",44.2457618713379
"2019-06-18",44.5463523864746
"2019-06-19",44.7550811767578
"2019-06-20",45.2978401184082
"2019-06-21",44.7968521118164
"2019-06-24",44.5213088989258
"2019-06-25",44.0286636352539
"2019-06-26",43.6362190246582
"2019-06-27",44.2958526611328
"2019-06-28",44.4878997802734
"2019-07-01",44.955493927002
"2019-07-02",44.9137382507324
"2019-07-03",45.7821273803711
"2019-07-05",45.5984230041504
"2019-07-08",45.8906745910645
"2019-07-09",46.3582649230957
"2019-07-10",46.5336151123047
"2019-07-11",46.3248634338379
"2019-07-12",46.9844932556152
"2019-07-15",46.9594497680664
"2019-07-16",46.7841110229492
"2019-07-17",46.2330131530762
"2019-07-18",46.4250717163086
"2019-07-19",46.7089576721191
"2019-07-22",46.6588668823242
"2019-07-23",47.0012130737305
"2019-07-24",47.9196815490723
"2019-07-25",47.6608428955078
"2019-07-26",47.8194885253906
"2019-07-29",47.1598434448242
"2019-07-30",47.026252746582
"2019-07-31",46.7507019042969
"2019-08-01",45.6819381713867
"2019-08-02",45.3646354675293
"2019-08-05",44.0954551696777
"2019-08-06",45.406379699707
"2019-08-07",45.4314346313477
"2019-08-08",47.4437408447266
"2019-08-09",46.976146697998
"2019-08-12",45.9908828735351
"2019-08-13",46.8592414855957
"2019-08-14",44.5797538757324
"2019-08-15",44.871997833252
"2019-08-16",45.3479385375977
"2019-08-19",45.7654151916504
"2019-08-20",44.6131591796875
"2019-08-21",44.8302345275879
"2019-08-22",44.8803482055664
"2019-08-23",43.8282661437988
"2019-08-26",44.3209075927734
"2019-08-27",44.0370140075684
"2019-08-28",43.7948722839355
"2019-08-29",43.8032112121582
"2019-08-30",43.452522277832
"2019-09-03",43.753116607666
"2019-09-04",45.4230842590332
"2019-09-05",45.6568794250488
"2019-09-06",45.7988243103027
"2019-09-09",46.2664222717285
"2019-09-10",46.3415603637695
"2019-09-11",47.2600479125977
"2019-09-12",47.3936347961426
"2019-09-13",47.8361854553223
"2019-09-16",47.2904014587402
"2019-09-17",47.928539276123
"2019-09-18",48.4071617126465
"2019-09-19",48.6086807250977
"2019-09-20",48.2392311096191
"2019-09-23",48.1132698059082
"2019-09-24",47.861385345459
"2019-09-25",47.4667282104492
"2019-09-26",46.9209442138672
"2019-09-27",47.1560440063477
"2019-09-30",46.7698020935059
"2019-10-01",45.6530456542969
"2019-10-02",44.8973236083984
"2019-10-03",44.6790008544922
"2019-10-04",45.7034225463867
"2019-10-07",45.0316772460938
"2019-10-08",44.0156707763672
"2019-10-09",44.5362586975098
"2019-10-10",45.3927383422851
"2019-10-11",45.6950187683105
"2019-10-14",45.5186920166016
"2019-10-15",45.9133338928223
"2019-10-16",45.6278381347656
"2019-10-17",45.3927383422851
"2019-10-18",45.3171730041504
"2019-10-21",45.8041763305664
"2019-10-22",44.7041931152344
"2019-10-23",44.6286354064941
"2019-10-24",44.4187164306641
"2019-10-25",44.3347511291504
"2019-10-28",44.1248359680176
"2019-10-29",43.7469825744629
"2019-10-30",44.1752128601074
"2019-10-31",44.4690933227539
"2019-11-01",45.1408309936523
"2019-11-04",46.1232490539551
"2019-11-05",46.0224876403809
"2019-11-06",46.6186599731445
"2019-11-07",46.6774215698242
"2019-11-08",46.9461250305176
"2019-11-11",46.517894744873
"2019-11-12",46.526294708252
"2019-11-13",45.9469261169434
"2019-11-14",45.501895904541
"2019-11-15",45.283576965332
"2019-11-18",45.4683074951172
"2019-11-19",44.8469352722168
"2019-11-20",44.4439010620117
"2019-11-21",43.8393363952637
"2019-11-22",44.7545852661133
"2019-11-25",44.7629852294922
"2019-11-26",44.6454200744629
"2019-11-27",44.4103050231934
"2019-11-29",44.2171936035156
"2019-12-02",43.3775177001953
"2019-12-03",42.9660797119141
"2019-12-04",42.9156951904297
"2019-12-05",42.9408836364746
"2019-12-06",43.5454597473145
"2019-12-09",43.3103561401367
"2019-12-10",42.890510559082
"2019-12-11",42.5947761535645
"2019-12-12",43.1186485290527
"2019-12-13",43.600284576416
"2019-12-16",43.8537673950195
"2019-12-17",43.7608222961426
"2019-12-18",43.9129257202149
"2019-12-19",43.8791275024414
"2019-12-20",43.5495872497559
"2019-12-23",43.0679473876953
"2019-12-24",43.0425987243652
"2019-12-26",42.7722129821777
"2019-12-27",43.1524429321289
"2019-12-30",43.0933036804199
"2019-12-31",43.3721466064453
"2020-01-02",43.7354850769043
"2020-01-03",43.3974876403809
"2020-01-06",43.4312896728516
"2020-01-07",43.1862487792969
"2020-01-08",43.6932258605957
"2020-01-09",44.1748580932617
"2020-01-10",43.9636116027832
"2020-01-13",44.4621429443359
"2020-01-14",44.2255554199219
"2020-01-15",43.7523765563965
"2020-01-16",44.2424583435059
"2020-01-17",44.6987457275391
"2020-01-21",43.6594276428223
"2020-01-22",44.1579666137695
"2020-01-23",43.6087303161621
"2020-01-24",43.1439933776855
"2020-01-27",42.3581809997559
"2020-01-28",42.5947761535645
"2020-01-29",42.5440711975098
"2020-01-30",43.346794128418
"2020-01-31",42.4680213928223
"2020-02-03",43.2284889221191
"2020-02-04",42.7975616455078
"2020-02-05",44.3438529968262
"2020-02-06",45.1296653747559
"2020-02-07",45.1719284057617
"2020-02-10",45.7464981079102
"2020-02-11",46.025333404541
"2020-02-12",45.8647880554199
"2020-02-13",43.0341453552246
"2020-02-14",40.9639892578125
"2020-02-18",41.4118194580078
"2020-02-19",41.7498016357422
"2020-02-20",42.079345703125
"2020-02-21",41.065372467041
"2020-02-24",38.6149864196777
"2020-02-25",38.2263031005859
"2020-02-26",38.0235061645508
"2020-02-27",36.680004119873
"2020-02-28",35.6238021850586
"2020-03-02",36.2068214416504
"2020-03-03",35.0576629638672
"2020-03-04",35.9448890686035
"2020-03-05",34.3479080200195
"2020-03-06",31.973539352417
"2020-03-09",27.7233562469482
"2020-03-10",29.6329746246338
"2020-03-11",27.402271270752
"2020-03-12",21.6902923583984
"2020-03-13",24.3855400085449
"2020-03-16",19.8934669494629
"2020-03-17",19.0378341674805
"2020-03-18",16.0687828063965
"2020-03-19",17.6260414123535
"2020-03-20",16.4538192749023
"2020-03-23",16.5137214660645
"2020-03-24",19.619665145874
"2020-03-25",22.0068798065186
"2020-03-26",23.5384578704834
"2020-03-27",21.8271923065186
"2020-03-30",21.998327255249
"2020-03-31",20.7490978240967
"2020-04-01",18.4902286529541
"2020-04-02",18.1821937561035
"2020-04-03",17.5062503814697
"2020-04-06",18.4132194519043
"2020-04-07",19.9020233154297
"2020-04-08",20.6464195251465
"2020-04-09",22.7084999084473
"2020-04-13",21.9298763275146
"2020-04-14",22.0582218170166
"2020-04-15",20.6036396026611
"2020-04-16",19.8335723876953
"2020-04-17",20.9630069732666
"2020-04-20",20.3212852478027
"2020-04-21",19.0378341674805
"2020-04-22",19.0463848114014
"2020-04-23",19.3886432647705
"2020-04-24",19.9790306091309
"2020-04-27",20.6892051696777
"2020-04-28",21.6304035186768
"2020-04-29",23.2988872528076
"2020-04-30",21.7587413787842
"2020-05-01",20.4496212005615
"2020-05-04",20.5950870513916
"2020-05-05",21.44215965271
"2020-05-06",19.9448051452637
"2020-05-07",21.8357524871826
"2020-05-08",23.6582508087158
"2020-05-11",23.5726909637451
"2020-05-12",22.7170543670654
"2020-05-13",21.3566017150879
"2020-05-14",22.0411071777344
"2020-05-15",22.6486034393311
"2020-05-18",24.3427543640137
"2020-05-19",23.6411399841309
"2020-05-20",23.9919452667236
"2020-05-21",24.650785446167
"2020-05-22",24.7192344665527
"2020-05-26",26.5331707000732
"2020-05-27",26.9609928131104
"2020-05-28",26.6272983551025
"2020-05-29",25.7203254699707
"2020-06-01",26.1395854949951
"2020-06-02",26.9438819885254
"2020-06-03",28.4497947692871
"2020-06-04",30.1268291473389
"2020-06-05",31.1108093261719
"2020-06-08",33.746166229248
"2020-06-09",32.2915916442871
"2020-06-10",30.0840530395508
"2020-06-11",27.046558380127
"2020-06-12",28.5592308044434
"2020-06-15",28.6888828277588
"2020-06-16",28.7753238677979
"2020-06-17",27.9022979736328
"2020-06-18",28.0665340423584
"2020-06-19",27.496036529541
"2020-06-22",27.4787464141846
"2020-06-23",27.7034854888916
"2020-06-24",26.1908130645752
"2020-06-25",27.0206279754639
"2020-06-26",25.6808300018311
"2020-06-29",26.5192794799805
"2020-06-30",26.9514751434326
"2020-07-01",25.5684566497803
"2020-07-02",25.8623523712158
"2020-07-06",26.5711441040039
"2020-07-07",25.2140617370605
"2020-07-08",25.8018436431885
"2020-07-09",24.2027339935303
"2020-07-10",26.0179405212402
"2020-07-13",25.689474105835
"2020-07-14",26.6143646240234
"2020-07-15",27.4614601135254
"2020-07-16",28.1443252563477
"2020-07-17",27.7639961242676
"2020-07-20",27.1502838134766
"2020-07-21",27.625696182251
"2020-07-22",27.8245010375977
"2020-07-23",27.5478973388672
"2020-07-24",27.0638427734375
"2020-07-27",26.6662292480469
"2020-07-28",26.7526664733887
"2020-07-29",28.2394027709961
"2020-07-30",27.4701061248779
"2020-07-31",27.7812786102295
"2020-08-03",27.7812786102295
"2020-08-04",25.689474105835
"2020-08-05",26.0870914459229
"2020-08-06",25.3437232971191
"2020-08-07",26.5019989013672
"2020-08-10",27.1935081481934
"2020-08-11",27.6429862976074
"2020-08-12",26.7440242767334
"2020-08-13",26.5452117919922
"2020-08-14",26.7872467041016
"2020-08-17",25.8969287872314
"2020-08-18",25.5684566497803
"2020-08-19",25.8104858398438
"2020-08-20",25.1794872283936
"2020-08-21",24.4361190795898
"2020-08-24",25.5425300598145
"2020-08-25",25.5165977478027
"2020-08-26",25.1189823150635
"2020-08-27",25.6548976898193
"2020-08-28",25.3869438171387
"2020-08-31",25.1881332397461
"2020-09-01",25.1967754364014
"2020-09-02",25.7845611572266
"2020-09-03",25.4128742218018
"2020-09-04",25.7586288452148
"2020-09-08",24.9720363616943
"2020-09-09",25.1967754364014
"2020-09-10",24.3410339355469
"2020-09-11",24.548490524292
"2020-09-14",25.4128742218018
"2020-09-15",25.0066089630127
"2020-09-16",26.0205116271973
"2020-09-17",25.085277557373
"2020-09-18",24.4647026062012
"2020-09-21",23.5819091796875
"2020-09-22",23.8965682983398
"2020-09-23",23.1011829376221
"2020-09-24",23.1448860168457
"2020-09-25",23.6605701446533
"2020-09-28",24.1500377655029
"2020-09-29",23.8528671264648
"2020-09-30",24.0626373291016
"2020-10-01",24.2287044525146
"2020-10-02",24.6657333374023
"2020-10-05",25.3911914825439
"2020-10-06",25.3300113677979
"2020-10-07",25.8369579315186
"2020-10-08",26.4487991333008
"2020-10-09",26.1778411865234
"2020-10-12",26.6236057281494
"2020-10-13",26.0642166137695
"2020-10-14",25.9156227111816
"2020-10-15",26.1865844726562
"2020-10-16",26.4750175476074
"2020-10-19",26.3002090454102
"2020-10-20",26.789680480957
"2020-10-21",27.6812133789062
"2020-10-22",27.9783897399902
"2020-10-23",28.3017845153809
"2020-10-26",27.322847366333
"2020-10-27",27.2354393005371
"2020-10-28",26.4225769042969
"2020-10-29",27.3490695953369
"2020-10-30",27.5238780975342
"2020-11-02",28.3629703521729
"2020-11-03",28.7475490570068
"2020-11-04",27.6112823486328
"2020-11-05",29.2195358276367
"2020-11-06",28.9835472106934
"2020-11-09",32.7944107055664
"2020-11-10",33.4149856567383
"2020-11-11",32.6458168029785
"2020-11-12",31.5182933807373
"2020-11-13",32.6195945739746
"2020-11-16",33.6422348022461
"2020-11-17",33.5810699462891
"2020-11-18",33.6946868896484
"2020-11-19",33.6859436035156
"2020-11-20",33.7471199035645
"2020-11-23",34.7610244750977
"2020-11-24",35.8186264038086
"2020-11-25",35.0669479370117
"2020-11-27",34.7085762023926
"2020-11-30",33.5985336303711
"2020-12-01",34.3589706420898
"2020-12-02",34.7260627746582
"2020-12-03",34.822208404541
"2020-12-04",35.5651550292969
"2020-12-07",34.7784996032715
"2020-12-08",34.5425148010254
"2020-12-09",34.9096221923828
"2020-12-10",34.7085762023926
"2020-12-11",34.1798896789551
"2020-12-14",33.6247711181641
"2020-12-15",33.9596099853516
"2020-12-16",33.7657470703125
"2020-12-17",33.6864433288574
"2020-12-18",33.0255889892578
"2020-12-21",32.9286575317383
"2020-12-22",32.4263916015625
"2020-12-23",32.9903373718262
"2020-12-24",32.9286575317383
"2020-12-28",32.664306640625
"2020-12-29",32.7436180114746
"2020-12-30",33.0608367919922
"2020-12-31",33.3604164123535
"2021-01-04",32.7171859741211
"2021-01-05",33.2634963989258
"2021-01-06",35.4311332702637
"2021-01-07",36.0303077697754
"2021-01-08",35.7923927307129
"2021-01-11",35.4928092956543
"2021-01-12",36.1272392272949
"2021-01-13",35.8805160522461
"2021-01-14",36.3915786743164
"2021-01-15",36.4356460571289
"2021-01-19",37.2286834716797
"2021-01-20",37.0788879394531
"2021-01-21",36.1712913513184
"2021-01-22",35.3165817260742
"2021-01-25",34.8759994506836
"2021-01-26",34.4618606567383
"2021-01-27",33.1313095092773
"2021-01-28",33.90673828125
"2021-01-29",32.9903373718262
"2021-02-01",32.972713470459
"2021-02-02",33.9860343933105
"2021-02-03",34.3208694458008
"2021-02-04",36.4268264770508
"2021-02-05",36.7264137268066
"2021-02-08",37.2639236450195
"2021-02-09",37.1317558288574
"2021-02-10",37.3872909545898
"2021-02-11",36.6559295654297
"2021-02-12",36.4796981811523
"2021-02-16",37.1405563354492
"2021-02-17",38.1274490356445
"2021-02-18",37.1053123474121
"2021-02-19",37.5194511413574
"2021-02-22",38.8588180541992
"2021-02-23",39.0967178344727
"2021-02-24",40.0307464599609
"2021-02-25",38.7266273498535
"2021-02-26",38.7266273498535
"2021-03-01",39.9250144958496
"2021-03-02",40.497745513916
"2021-03-03",41.4229583740234
"2021-03-04",40.7709007263184
"2021-03-05",41.3877105712891
"2021-03-08",41.6256256103516
"2021-03-09",41.0793075561523
"2021-03-10",42.1631278991699
"2021-03-11",42.3041114807129
"2021-03-12",42.6830139160156
"2021-03-15",42.8781585693359
"2021-03-16",41.9822769165039
"2021-03-17",42.2838516235351
"2021-03-18",42.4169006347656
"2021-03-19",41.5387649536133
"2021-03-22",41.0065612792969
"2021-03-23",39.8978004455566
"2021-03-24",39.9066696166992
"2021-03-25",41.2460479736328
"2021-03-26",41.5298957824707
"2021-03-29",41.3170166015625
"2021-03-30",41.9911460876465
"2021-03-31",40.9888153076172
"2021-04-01",41.1396141052246
"2021-04-05",41.4678001403809
"2021-04-06",41.3879699707031
"2021-04-07",41.7605171203613
"2021-04-08",40.8557624816895
"2021-04-09",41.3347473144531
"2021-04-12",41.8314819335938
"2021-04-13",41.4145851135254
"2021-04-14",42.1241989135742
"2021-04-15",41.3879699707031
"2021-04-16",41.7782592773438
"2021-04-19",41.4500617980957
"2021-04-20",40.3856544494629
"2021-04-21",41.4766693115234
"2021-04-22",41.2105712890625
"2021-04-23",41.9911460876465
"2021-04-26",42.1596755981445
"2021-04-27",42.9668579101562
"2021-04-28",42.7628479003906
"2021-04-29",43.4103546142578
"2021-04-30",42.9757194519043
"2021-05-03",43.507926940918
"2021-05-04",42.9313697814941
"2021-05-05",43.3482704162598
"2021-05-06",44.5013847351074
"2021-05-07",45.4061393737793
"2021-05-10",46.0536499023438
"2021-05-11",44.6876564025879
"2021-05-12",44.4215545654297
"2021-05-13",45.1045455932617
"2021-05-14",46.0359191894531
"2021-05-17",45.7431983947754
"2021-05-18",45.3351783752441
"2021-05-19",44.9448852539062
"2021-05-20",44.8206977844238
"2021-05-21",45.5125846862793
"2021-05-24",46.0181732177734
"2021-05-25",45.0601959228516
"2021-05-26",45.5657997131348
"2021-05-27",46.75439453125
"2021-05-28",46.8697128295898
"2021-06-01",47.4994850158691
"2021-06-02",47.0471076965332
"2021-06-03",47.4906158447266
"2021-06-04",47.384162902832
"2021-06-07",47.0737190246582
"2021-06-08",47.2156448364258
"2021-06-09",46.2665367126465
"2021-06-10",45.7431983947754
"2021-06-11",46.1423606872559
"2021-06-14",45.6068458557129
"2021-06-15",45.9906272888184
"2021-06-16",46.1245079040527
"2021-06-17",43.5273323059082
"2021-06-18",41.813720703125
"2021-06-21",42.6169853210449
"2021-06-22",42.4384689331055
"2021-06-23",42.59912109375
"2021-06-24",43.0275268554688
"2021-06-25",43.7504615783691
"2021-06-28",42.8044013977051
"2021-06-29",42.3045959472656
"2021-06-30",42.4831008911133
"2021-07-01",43.0810775756836
"2021-07-02",42.8847236633301
"2021-07-06",41.5995140075684
"2021-07-07",41.7601776123047
"2021-07-08",40.0376396179199
"2021-07-09",41.8315734863281
"2021-07-12",42.3402976989746
"2021-07-13",41.7066230773926
"2021-07-14",41.4210166931152
"2021-07-15",42.9025802612305
"2021-07-16",41.858341217041
"2021-07-19",40.1001129150391
"2021-07-20",42.1528778076172
"2021-07-21",43.0989265441895
"2021-07-22",42.4473991394043
"2021-07-23",42.2242736816406
"2021-07-26",42.5812683105469
"2021-07-27",42.3224487304688
"2021-07-28",41.9029769897461
"2021-07-29",42.7240676879883
"2021-07-30",42.2599754333496
"2021-08-02",42.2778244018555
"2021-08-03",42.6080551147461
"2021-08-04",42.0279235839844
"2021-08-05",43.4291496276855
"2021-08-06",45.4729766845703
"2021-08-09",46.2762260437012
"2021-08-10",47.4275588989258
"2021-08-11",48.2665100097656
"2021-08-12",48.0880088806152
"2021-08-13",48.7395401000977
"2021-08-16",48.7395401000977
"2021-08-17",48.2040367126465
"2021-08-18",47.9809150695801
"2021-08-19",47.2669143676758
"2021-08-20",47.811336517334
"2021-08-23",48.3379173278809
"2021-08-24",48.5164184570312
"2021-08-25",49.0251426696777
"2021-08-26",48.2129554748535
"2021-08-27",49.0965385437012
"2021-08-30",48.2129554748535
"2021-08-31",48.6949195861816
"2021-09-01",48.7127647399902
"2021-09-02",49.2928886413574
"2021-09-03",49.1768608093262
"2021-09-07",48.7930908203125
"2021-09-08",48.918041229248
"2021-09-09",48.8109474182129
"2021-09-10",48.5878028869629
"2021-09-13",49.1947135925293
"2021-09-14",48.5788879394531
"2021-09-15",48.8841361999512
"2021-09-16",48.7943534851074
"2021-09-17",48.3095512390137
"2021-09-20",47.7888450622559
"2021-09-21",47.546443939209
"2021-09-22",48.2197799682617
"2021-09-23",48.9469871520996
"2021-09-24",49.2073364257812
"2021-09-27",51.2003974914551
"2021-09-28",50.2667198181152
"2021-09-29",50.1320495605469
"2021-09-30",49.2791595458984
"2021-10-01",49.8088531494141
"2021-10-04",50.1141014099121
"2021-10-05",51.5774726867676
"2021-10-06",51.4607582092285
"2021-10-07",51.35302734375
"2021-10-08",51.721118927002
"2021-10-11",51.9724960327149
"2021-10-12",51.5325813293457
"2021-10-13",50.4642333984375
"2021-10-14",51.8647651672363
"2021-10-15",52.3226318359375
"2021-10-18",51.9724960327149
"2021-10-19",52.6458282470703
"2021-10-20",53.5166778564453
"2021-10-21",53.2024612426758
"2021-10-22",53.8757934570312
"2021-10-25",53.5436172485351
"2021-10-26",53.1755180358887
"2021-10-27",52.5650215148926
"2021-10-28",53.7770347595215
"2021-10-29",53.0498313903809
"2021-11-01",54.0373840332031
"2021-11-02",53.8488578796387
"2021-11-03",54.8364181518555
"2021-11-04",54.2169380187988
"2021-11-05",52.9331207275391
"2021-11-08",53.112678527832
"2021-11-09",52.7535591125488
"2021-11-10",52.8433456420898
"2021-11-11",52.8433456420898
"2021-11-12",52.2597846984863
"2021-11-15",52.1520538330078
"2021-11-16",51.3440437316895
"2021-11-17",51.1285743713379
"2021-11-18",50.3834190368652
"2021-11-19",49.3330230712891
"2021-11-22",51.1196022033691
"2021-11-23",52.8792533874512
"2021-11-24",51.9724960327149
"2021-11-26",50.3205757141113
"2021-11-29",49.3330230712891
"2021-11-30",47.2232322692871
"2021-12-01",46.4331970214844
"2021-12-02",48.444221496582
"2021-12-03",47.8696441650391
"2021-12-06",49.1714210510254
"2021-12-07",49.5484886169434
"2021-12-08",49.3509826660156
"2021-12-09",49.2073364257812
"2021-12-10",48.8302574157715
"2021-12-13",48.3364868164062
"2021-12-14",49.0726699829102
"2021-12-15",49.0907325744629
"2021-12-16",49.9215469360351
"2021-12-17",48.8649635314941
"2021-12-20",47.7812843322754
"2021-12-21",49.7951202392578
"2021-12-22",49.9125289916992
"2021-12-23",51.0865058898926
"2021-12-27",51.3845176696777
"2021-12-28",51.1768226623535
"2021-12-29",51.2761535644531
"2021-12-30",51.2400283813477
"2021-12-31",51.3483924865723
"2022-01-03",51.827018737793
"2022-01-04",53.2809562683105
"2022-01-05",52.5494766235351
"2022-01-06",53.4525375366211
"2022-01-07",54.8522911071777
"2022-01-10",55.4573554992676
"2022-01-11",55.7824592590332
"2022-01-12",55.4212303161621
"2022-01-13",55.8727645874023
"2022-01-14",55.9088821411133
"2022-01-18",54.9967918395996
"2022-01-19",53.1364707946777
"2022-01-20",53.1364707946777
"2022-01-21",51.7638053894043
"2022-01-24",51.8902397155762
"2022-01-25",52.5675354003906
"2022-01-26",52.0437507629395
"2022-01-27",50.9510536193848
"2022-01-28",51.4387016296387
"2022-01-31",52.1521186828613
"2022-02-01",53.3803062438965
"2022-02-02",54.4097862243652
"2022-02-03",53.723461151123
"2022-02-04",55.0780639648438
"2022-02-07",55.8005104064941
"2022-02-08",56.622314453125
"2022-02-09",56.3604164123535
"2022-02-10",56.1888389587402
"2022-02-11",54.8522911071777
"2022-02-14",53.2719268798828
"2022-02-15",54.5271911621094
"2022-02-16",54.4910697937012
"2022-02-17",55.4302635192871
"2022-02-18",55.7463302612305
"2022-02-22",55.6379661560059
"2022-02-23",55.5747489929199
"2022-02-24",54.5271911621094
"2022-02-25",57.0377235412598
"2022-02-28",55.3038330078125
"2022-03-01",52.2785568237305
"2022-03-02",55.1232223510742
"2022-03-03",54.5542907714844
"2022-03-04",51.9082946777344
"2022-03-07",49.3706741333008
"2022-03-08",50.084098815918
"2022-03-09",52.6307525634766
"2022-03-10",51.4567642211914
"2022-03-11",51.4748306274414
"2022-03-14",51.9353828430176
"2022-03-15",52.8745727539062
"2022-03-16",54.2820243835449
"2022-03-17",55.3353271484375
"2022-03-18",55.4170532226562
"2022-03-21",56.0617561340332
"2022-03-22",56.9153060913086
"2022-03-23",56.1616439819336
"2022-03-24",57.3511734008789
"2022-03-25",58.5497741699219
"2022-03-28",57.8687400817871
"2022-03-29",57.251277923584
"2022-03-30",57.6508178710938
"2022-03-31",56.9970397949219
"2022-04-01",57.9232292175293
"2022-04-04",56.7881813049316
"2022-04-05",56.7064666748047
"2022-04-06",56.1253204345703
"2022-04-07",55.9891128540039
"2022-04-08",57.3330039978027
"2022-04-11",56.8245162963867
"2022-04-12",56.7064666748047
"2022-04-13",57.1877136230469
"2022-04-14",57.2331199645996
"2022-04-18",58.0231018066406
"2022-04-19",57.7597846984863
"2022-04-20",58.4862060546875
"2022-04-21",57.3239250183105
"2022-04-22",54.8813247680664
"2022-04-25",54.1912231445312
"2022-04-26",52.3570022583008
"2022-04-27",53.6827239990234
"2022-04-28",54.5181007385254
"2022-04-29",53.1288261413574
"2022-05-02",53.628246307373
"2022-05-03",54.0550193786621
"2022-05-04",58.0594253540039
"2022-05-05",56.4068145751953
"2022-05-06",56.5067024230957
"2022-05-09",54.1276626586914
"2022-05-10",53.2922668457031
"2022-05-11",53.2196350097656
"2022-05-12",53.038028717041
"2022-05-13",53.1742248535156
"2022-05-16",53.2468681335449
"2022-05-17",54.7360343933105
"2022-05-18",52.9381332397461
"2022-05-19",52.5749244689941
"2022-05-20",50.5046195983887
"2022-05-23",51.6941413879395
"2022-05-24",51.3127708435059
"2022-05-25",51.4580574035645
"2022-05-26",52.4205589294434
"2022-05-27",53.5737571716309
"2022-05-31",53.2831954956055
"2022-06-01",52.520435333252
"2022-06-02",52.8200988769531
"2022-06-03",52.0210304260254
"2022-06-06",53.5646743774414
"2022-06-07",53.9460525512695
"2022-06-08",52.4296455383301
"2022-06-09",50.7407035827637
"2022-06-10",48.5160446166992
"2022-06-13",46.8815803527832
"2022-06-14",47.2357215881348
"2022-06-15",47.5554885864258
"2022-06-16",45.6550941467285
"2022-06-17",47.0164451599121
"2022-06-21",47.646858215332
"2022-06-22",46.9433403015137
"2022-06-23",45.3170433044434
"2022-06-24",48.2133178710938
"2022-06-27",47.4367179870605
"2022-06-28",47.3362236022949
"2022-06-29",46.4134292602539
"2022-06-30",46.7149314880371
"2022-07-01",47.5280876159668
"2022-07-05",46.7149314880371
"2022-07-06",46.5778846740723
"2022-07-07",47.317943572998
"2022-07-08",47.0255737304688
"2022-07-11",47.0073051452637
"2022-07-12",46.7057952880859
"2022-07-13",46.2855224609375
"2022-07-14",44.2389373779297
"2022-07-15",45.7556037902832
"2022-07-18",45.5820007324219
"2022-07-19",47.2722587585449
"2022-07-20",47.0712585449219
"2022-07-21",47.1717567443848
"2022-07-22",46.8976631164551
"2022-07-25",47.5554885864258
"2022-07-26",47.2631187438965
"2022-07-27",47.9849090576172
"2022-07-28",46.1301879882812
"2022-07-29",47.2996635437012
"2022-08-01",46.6327018737793
"2022-08-02",46.3312034606934
"2022-08-03",47.1260795593262
"2022-08-04",46.7057952880859
"2022-08-05",47.3544883728027
"2022-08-08",47.7564964294434
"2022-08-09",48.9259643554688
"2022-08-10",50.1776695251465
"2022-08-11",51.4659233093262
"2022-08-12",52.4526557922363
"2022-08-15",51.8587875366211
"2022-08-16",52.3430137634277
"2022-08-17",51.7948226928711
"2022-08-18",52.379566192627
"2022-08-19",51.2557754516602
"2022-08-22",49.3736534118652
"2022-08-23",49.583797454834
"2022-08-24",49.6294746398926
"2022-08-25",50.4883079528809
"2022-08-26",48.423454284668
"2022-08-29",48.2407341003418
"2022-08-30",47.8661270141602
"2022-08-31",47.2813873291016
"2022-09-01",47.8204574584961
"2022-09-02",47.884407043457
"2022-09-06",47.8387298583984
"2022-09-07",49.0630073547363
"2022-09-08",49.638614654541
"2022-09-09",50.2873039245605
"2022-09-12",51.6486396789551
"2022-09-13",49.6477508544922
"2022-09-14",49.5198364257812
"2022-09-15",49.7955589294434
"2022-09-16",49.3084526062012
"2022-09-19",50.1723861694336
"2022-09-20",49.0878753662109
"2022-09-21",48.0585021972656
"2022-09-22",47.0659065246582
"2022-09-23",45.7424354553223
"2022-09-26",44.4924926757812
"2022-09-27",44.6303558349609
"2022-09-28",44.8233642578125
"2022-09-29",43.8031845092773
"2022-09-30",43.637752532959
"2022-10-03",45.2001800537109
"2022-10-04",47.5254516601562
"2022-10-05",47.1486129760742
"2022-10-06",46.6523246765137
"2022-10-07",45.6872901916504
"2022-10-10",44.5200653076172
"2022-10-11",44.1616172790527
"2022-10-12",44.9979858398438
"2022-10-13",46.8177528381348
"2022-10-14",46.6063690185547
"2022-10-17",47.5438270568848
"2022-10-18",48.3434143066406
"2022-10-19",48.4812812805176
"2022-10-20",47.6541137695312
"2022-10-21",48.9408226013184
"2022-10-24",49.9518013000488
"2022-10-25",49.8966674804688
"2022-10-26",49.8323287963867
"2022-10-27",50.1999588012695
"2022-10-28",52.203540802002
"2022-10-31",52.3873596191406
"2022-11-01",52.4516983032227
"2022-11-02",52.6446990966797
"2022-11-03",52.947998046875
"2022-11-04",53.23291015625
"2022-11-07",54.3817481994629
"2022-11-08",54.3449935913086
"2022-11-09",53.7292098999023
"2022-11-10",55.686840057373
"2022-11-11",55.5030212402344
"2022-11-14",55.3651695251465
"2022-11-15",55.6408882141113
"2022-11-16",55.0251083374023
"2022-11-17",54.6299095153809
"2022-11-18",54.9791526794434
"2022-11-21",55.2456817626953
"2022-11-22",55.9533767700195
"2022-11-23",56.0268974304199
"2022-11-25",56.1371955871582
"2022-11-28",55.8247032165527
"2022-11-29",56.4680557250977
"2022-11-30",58.0029182434082
"2022-12-01",57.9937210083008
"2022-12-02",57.6720428466797
"2022-12-05",56.5507774353027
"2022-12-06",56.6978225708008
"2022-12-07",57.010311126709
"2022-12-08",57.2216949462891
"2022-12-09",57.4514694213867
"2022-12-12",58.370548248291
"2022-12-13",58.41650390625
"2022-12-14",57.8807373046875
"2022-12-15",57.4650650024414
"2022-12-16",57.7976036071777
"2022-12-19",56.7814979553223
"2022-12-20",58.0100631713867
"2022-12-21",58.4996376037598
"2022-12-22",57.6405754089355
"2022-12-23",58.3426055908203
"2022-12-27",58.4996376037598
"2022-12-28",58.0931854248047
"2022-12-29",58.7767562866211
"2022-12-30",58.41650390625
"2023-01-03",58.1301498413086
"2023-01-04",58.9892158508301
"2023-01-05",58.665901184082
"2023-01-06",59.6265907287598
"2023-01-09",58.9984512329102
"2023-01-10",58.6104850769043
"2023-01-11",58.6197166442871
"2023-01-12",58.8229446411133
"2023-01-13",59.4972610473633
"2023-01-17",58.9153060913086
"2023-01-18",57.4650650024414
"2023-01-19",57.0124397277832
"2023-01-20",57.7052307128906
"2023-01-23",58.2871780395508
"2023-01-24",58.3426055908203
"2023-01-25",58.6566772460938
"2023-01-26",59.1000518798828
"2023-01-27",58.4996376037598
"2023-01-30",58.3518371582031
"2023-01-31",58.3980255126953
"2023-02-01",56.5598068237305
"2023-02-02",54.5276107788086
"2023-02-03",54.268970489502
"2023-02-06",55.3866767883301
"2023-02-07",55.9871025085449
"2023-02-08",56.3196411132812
"2023-02-09",56.2272682189941
"2023-02-10",56.6429481506348
"2023-02-13",57.234130859375
"2023-02-14",56.8276824951172
"2023-02-15",57.1140365600586
"2023-02-16",57.4188766479492
"2023-02-17",56.181079864502
"2023-02-21",55.1649780273438
"2023-02-22",56.0332832336426
"2023-02-23",55.7099800109863
"2023-02-24",55.5806617736816
"2023-02-27",56.0240516662598
"2023-02-28",56.4489555358887
"2023-03-01",56.3104019165039
"2023-03-02",55.4513397216797
"2023-03-03",55.6083755493164
"2023-03-06",55.7376937866211
"2023-03-07",54.0288047790527
"2023-03-08",52.9757461547851
"2023-03-09",51.5439605712891
"2023-03-10",49.0960960388184
"2023-03-13",46.2510185241699
"2023-03-14",47.2209243774414
"2023-03-15",44.3019485473633
"2023-03-16",46.6732788085938
"2023-03-17",43.9299774169922
"2023-03-20",45.4271621704102
"2023-03-21",47.6590003967285
"2023-03-22",45.3341789245605
"2023-03-23",43.8555870056152
"2023-03-24",44.0229759216309
"2023-03-27",44.1345558166504
"2023-03-28",44.1717567443848
"2023-03-29",45.2876777648926
"2023-03-30",46.3292007446289
"2023-03-31",46.8313636779785
"2023-04-03",46.8871650695801
"2023-04-04",46.3757019042969
"2023-04-05",46.7197723388672
"2023-04-06",47.500919342041
"2023-04-10",47.5288124084473
"2023-04-11",47.6125030517578
"2023-04-12",47.7240982055664
"2023-04-13",48.0030746459961
"2023-04-14",47.8356895446777
"2023-04-17",48.2820587158203
"2023-04-18",48.7842178344727
"2023-04-19",49.4444732666016
"2023-04-20",48.6726341247559
"2023-04-21",47.9379806518555
"2023-04-24",48.1890640258789
"2023-04-25",47.3800239562988
"2023-04-26",47.2498321533203
"2023-04-27",48.486644744873
"2023-04-28",49.3235855102539
"2023-05-01",49.3700790405273
"2023-05-02",48.2913589477539
"2023-05-03",47.7519989013672
"2023-05-04",46.3849945068359
"2023-05-05",50.0210304260254
"2023-05-08",49.9838371276855
"2023-05-09",49.3793716430664
"2023-05-10",48.9237098693848
"2023-05-11",49.1097030639649
"2023-05-12",48.812126159668
"2023-05-15",48.8586158752441
"2023-05-16",48.6447296142578
"2023-05-17",49.974536895752
"2023-05-18",50.5045890808105
"2023-05-19",50.0768241882324
"2023-05-22",50.1791229248047
"2023-05-23",51.8622970581055
"2023-05-24",50.7463798522949
"2023-05-25",49.9187355041504
"2023-05-26",50.2814102172851
"2023-05-30",50.8858642578125
"2023-05-31",49.1282997131348
"2023-06-01",49.974536895752
"2023-06-02",51.3322296142578
"2023-06-05",50.4302024841309
"2023-06-06",52.0110855102539
"2023-06-07",52.7550277709961
"2023-06-08",52.662036895752
"2023-06-09",52.8945198059082
"2023-06-12",52.2807655334473
"2023-06-13",52.662036895752
"2023-06-14",51.9273872375488
"2023-06-15",52.9943923950195
"2023-06-16",53.6308517456055
"2023-06-20",52.4889717102051
"2023-06-21",52.8446388244629
"2023-06-22",52.3860130310059
"2023-06-23",51.6840362548828
"2023-06-26",52.1052207946777
"2023-06-27",52.8352813720703
"2023-06-28",52.8446388244629
"2023-06-29",53.5372581481934
"2023-06-30",53.8554840087891
"2023-07-03",54.229866027832
"2023-07-05",54.014591217041
"2023-07-06",53.9116439819336
"2023-07-07",54.4732131958008
"2023-07-10",54.3609085083008
"2023-07-11",54.9880027770996
"2023-07-12",54.8943977355957
"2023-07-13",55.1190376281738
"2023-07-14",53.9584350585938
"2023-07-17",55.3155899047851
"2023-07-18",55.568302154541
"2023-07-19",55.3343048095703
"2023-07-20",56.3825836181641
"2023-07-21",56.111156463623
"2023-07-24",56.401309967041
"2023-07-25",56.0550003051758
"2023-07-26",56.9441680908203
"2023-07-27",56.7569732666016
"2023-07-28",56.3077163696289
"2023-07-31",56.4200248718262
"2023-08-01",56.5136260986328
"2023-08-02",57.3466339111328
"2023-08-03",57.2249603271484
"2023-08-04",56.8037719726562
"2023-08-07",57.9456520080566
"2023-08-08",57.5619049072266
"2023-08-09",56.4761848449707
"2023-08-10",56.5510635375977
"2023-08-11",56.6540145874023
"2023-08-14",55.9894866943359
"2023-08-15",55.0160675048828
"2023-08-16",54.8569679260254
"2023-08-17",54.3421859741211
"2023-08-18",54.2392272949219
"2023-08-21",54.0894737243652
"2023-08-22",53.6682891845703
"2023-08-23",53.9303588867188
"2023-08-24",54.3702621459961
"2023-08-25",54.1456298828125
"2023-08-28",54.1643409729004
"2023-08-29",54.6136131286621
"2023-08-30",54.604248046875
"2023-08-31",54.7727317810059
"2023-09-01",55.4466285705566
"2023-09-05",54.8476028442383
"2023-09-06",55.3998222351074
"2023-09-07",55.8303718566895
"2023-09-08",55.8397254943848
"2023-09-11",55.867805480957
"2023-09-12",56.6914596557617
"2023-09-13",56.7663383483887
"2023-09-14",57.6231460571289
"2023-09-15",57.6043128967285
"2023-09-18",58.0750923156738
"2023-09-19",58.7153472900391
"2023-09-20",58.6776885986328
"2023-09-21",57.7455596923828
"2023-09-22",57.9809379577637
"2023-09-25",58.4987983703613
"2023-09-26",57.6796379089355
"2023-09-27",57.4442481994629
"2023-09-28",57.6984710693359
"2023-09-29",57.0582160949707
"2023-10-02",56.5403633117676
"2023-10-03",55.2127723693848
"2023-10-04",55.8906898498535
"2023-10-05",56.634521484375
"2023-10-06",57.3124313354492
"2023-10-09",57.5195770263672
"2023-10-10",57.5949020385742
"2023-10-11",57.9338569641113
"2023-10-12",57.566650390625
"2023-10-13",57.5195770263672
"2023-10-16",58.9507484436035
"2023-10-17",59.4874267578125
"2023-10-18",58.9413185119629
"2023-10-19",57.5949020385742
"2023-10-20",56.0413360595703
"2023-10-23",55.5328979492188
"2023-10-24",56.3708801269531
"2023-10-25",57.3971672058105
"2023-10-26",57.2935981750488
"2023-10-27",56.0507545471191
"2023-10-30",57.4348411560059
"2023-10-31",57.7267189025879
"2023-11-01",58.4234733581543
"2023-11-02",60.5984573364258
"2023-11-03",60.0146980285645
"2023-11-06",60.2030143737793
"2023-11-07",59.4120979309082
"2023-11-08",58.9225044250488
"2023-11-09",59.1767120361328
"2023-11-10",60.0900268554688
"2023-11-13",60.0052833557129
"2023-11-14",60.4572296142578
"2023-11-15",59.7698974609375
"2023-11-16",60.372486114502
"2023-11-17",60.7114562988281
"2023-11-20",60.5984573364258
"2023-11-21",61.1728057861328
"2023-11-22",61.1728057861328
"2023-11-24",61.3987884521484
"2023-11-27",61.4364471435547
"2023-11-28",60.8620910644531
"2023-11-29",61.0409927368164
"2023-11-30",61.9637107849121
"2023-12-01",62.1143684387207
"2023-12-04",62.1426086425781
"2023-12-05",62.0484580993652
"2023-12-06",61.5494422912598
"2023-12-07",61.5870933532715
"2023-12-08",61.7000846862793
"2023-12-11",62.3120956420898
"2023-12-12",63.0370941162109
"2023-12-13",63.642936706543
"2023-12-14",62.9424209594727
"2023-12-15",62.488037109375
"2023-12-18",62.9140167236328
"2023-12-19",63.8417434692383
"2023-12-20",63.0654907226562
"2023-12-21",63.0181503295898
"2023-12-22",63.3589363098145
"2023-12-26",63.5482749938965
"2023-12-27",63.5672073364258
"2023-12-28",64.2488021850586
"2023-12-29",64.1352005004883
"2024-01-02",65.1670303344727
"2024-01-03",64.9493179321289
"2024-01-04",64.9682388305664
"2024-01-05",65.3279800415039
"2024-01-08",64.5801391601562
"2024-01-09",64.2109298706055
"2024-01-10",63.9837379455566
"2024-01-11",63.6997337341309
"2024-01-12",63.8985366821289
"2024-01-16",63.6334838867188
"2024-01-17",63.188549041748
"2024-01-18",63.6523895263672
"2024-01-19",65.1575775146484
"2024-01-22",65.5646362304688
"2024-01-23",65.3185043334961
"2024-01-24",65.4699783325195
"2024-01-25",65.2995834350586
"2024-01-26",65.8202209472656
"2024-01-29",65.6687698364258
"2024-01-30",66.6248626708984
"2024-01-31",65.8013000488281
"2024-02-01",65.1481018066406
"2024-02-02",65.9148941040039
"2024-02-05",65.2522430419922
"2024-02-06",65.1007614135742
"2024-02-07",66.0852890014648
"2024-02-08",64.7599792480469
"2024-02-09",65.4321060180664
"2024-02-12",66.0095596313477
"2024-02-13",66.3503341674805
"2024-02-14",65.4794235229492
"2024-02-15",66.5491485595703
"2024-02-16",66.3030166625977
"2024-02-20",64.4949111938477
"2024-02-21",65.0155792236328
"2024-02-22",67.0981979370117
"2024-02-23",67.5147094726562
"2024-02-26",67.5147094726562
"2024-02-27",68.1110992431641
"2024-02-28",68.5655136108398
"2024-02-29",69.0009460449219
"2024-03-01",68.9536209106445
"2024-03-04",69.2660140991211
"2024-03-05",69.9759979248047
"2024-03-06",70.8563842773438
"2024-03-07",70.7333068847656
"2024-03-08",70.4398498535156
"2024-03-11",70.9131774902344
"2024-03-12",71.8408813476562
"2024-03-13",71.8028335571289
"2024-03-14",72.1452560424805
"2024-03-15",72.5447311401367
"2024-03-18",71.6601638793945
"2024-03-19",71.8028335571289
"2024-03-20",72.9917907714844
"2024-03-21",73.6290664672852
"2024-03-22",72.6493682861328
"2024-03-25",72.84912109375
"2024-03-26",73.6100387573242
"2024-03-27",74.5136260986328
"2024-03-28",74.351936340332
"2024-04-01",73.8478164672852
"2024-04-02",74.2092590332031
"2024-04-03",74.0000228881836
"2024-04-04",72.8776550292969
"2024-04-05",73.9144134521484
"2024-04-08",74.0475692749023
"2024-04-09",71.8313751220703
"2024-04-10",71.6411285400391
"2024-04-11",70.5473022460938
"2024-04-12",70.0812377929688
"2024-04-15",69.4820175170898
"2024-04-16",70.2048950195312
"2024-04-17",69.0349807739258
"2024-04-18",69.4249420166016
"2024-04-19",70.6043853759766
"2024-04-22",71.2987289428711
"2024-04-23",71.2701950073242
"2024-04-24",71.3082427978516
"2024-04-25",70.9848403930664
"2024-04-26",70.8897399902344
"2024-04-29",72.0406265258789
"2024-04-30",71.6316299438477
"2024-05-01",72.1072082519531
"2024-05-02",74.2853546142578
"2024-05-03",74.6467895507812
"2024-05-06",76.0640258789062
"2024-05-07",76.3588790893555
"2024-05-08",75.9879302978516
"2024-05-09",75.9784240722656
"2024-05-10",76.1971817016602
"2024-05-13",75.1318817138672
"2024-05-14",75.5599136352539
"2024-05-15",75.0462799072266
"2024-05-16",74.8940963745117
"2024-05-17",76.6061782836914
"2024-05-20",74.9416580200195
"2024-05-21",74.837043762207
"2024-05-22",75.0558013916016
"2024-05-23",73.7907638549805
"2024-05-24",74.2187652587891
"2024-05-28",73.5814971923828
"2024-05-29",73.78125
"2024-05-30",74.4280395507812
"2024-05-31",74.9701919555664
"2024-06-03",74.4946136474609
"2024-06-04",72.9061737060547
"2024-06-05",72.1928253173828
"2024-06-06",71.9264907836914
"2024-06-07",72.3069381713867
"2024-06-10",72.3069381713867
"2024-06-11",70.5853652954102
"2024-06-12",71.0323944091797
"2024-06-13",70.4902496337891
"2024-06-14",70.2129058837891
"2024-06-17",70.7484588623047
"2024-06-18",70.8918991088867
"2024-06-20",71.6091156005859
"2024-06-21",71.6187057495117
"2024-06-24",72.6897735595703
"2024-06-25",71.2552947998047
"2024-06-26",71.2361755371094
"2024-06-27",71.695198059082
"2024-06-28",70.9970932006836
"2024-07-01",71.2361755371094
"2024-07-02",72.0394821166992
"2024-07-03",71.8673553466797
"2024-07-05",70.6528091430664
"2024-07-08",71.5421829223633
"2024-07-09",72.4411315917969
"2024-07-10",72.6419677734375
"2024-07-11",73.598274230957
"2024-07-12",73.7704315185547
"2024-07-15",74.2294616699219
"2024-07-16",74.8701858520508
"2024-07-17",75.1475219726562
"2024-07-18",74.6502304077148
"2024-07-19",71.1692276000977
"2024-07-22",72.756721496582
"2024-07-23",73.5217742919922
"2024-07-24",71.9725341796875
"2024-07-25",71.9629745483398
"2024-07-26",73.8660507202148
"2024-07-29",74.5737228393555
"2024-07-30",75.5587310791016
"2024-07-31",75.7691268920898
"2024-08-01",71.6378326416016
"2024-08-02",68.8262481689453
"2024-08-05",67.0953140258789
"2024-08-06",68.1281356811523
"2024-08-07",67.4969635009766
"2024-08-08",68.9888305664062
"2024-08-09",68.9123229980469
"2024-08-12",68.4819793701172
"2024-08-13",68.501106262207
"2024-08-14",69.7251968383789
"2024-08-15",70.2129058837891
"2024-08-16",70.346794128418
"2024-08-19",71.1787948608398
"2024-08-20",70.6528091430664
"2024-08-21",71.1022796630859
"2024-08-22",71.4943771362305
"2024-08-23",72.029914855957
"2024-08-26",71.3509292602539
"2024-08-27",71.1787948608398
"2024-08-28",72.2211837768555
"2024-08-29",72.7949829101562
"2024-08-30",73.6843566894531
"2024-09-03",72.7089080810547
"2024-09-04",73.3400726318359
"2024-09-05",70.6145553588867
"2024-09-06",68.7688751220703
"2024-09-09",69.6391296386719
"2024-09-10",69.1513977050781
"2024-09-11",69.0079650878906
"2024-09-12",69.9833831787109
"2024-09-13",69.9164505004883
"2024-09-16",70.1953201293945
"2024-09-17",70.7722549438477
"2024-09-18",70.4837951660156
"2024-09-19",71.0511322021484
"2024-09-20",70.9261093139648
"2024-09-23",71.4453735351562
"2024-09-24",70.5991668701172
"2024-09-25",70.2145385742188
"2024-09-26",70.3106994628906
"2024-09-27",70.5222396850586
"2024-09-30",70.4164810180664
"2024-10-01",69.9260635375977
"2024-10-02",69.6664352416992
"2024-10-03",69.5606689453125
"2024-10-04",73.1281356811523
"2024-10-07",70.8107299804688
"2024-10-08",71.7626876831055
"2024-10-09",72.6954193115234
"2024-10-10",73.5896911621094
"2024-10-11",74.2628021240234
"2024-10-14",74.6378173828125
"2024-10-15",74.0224075317383
"2024-10-16",74.1762542724609
"2024-10-17",76.1474990844727
"2024-10-18",75.5320739746094
"2024-10-21",74.5705108642578
"2024-10-22",74.0704650878906
"2024-10-23",74.4551086425781
"2024-10-24",74.6955108642578
"2024-10-25",73.8685531616211
"2024-10-28",74.5031890869141
"2024-10-29",73.7147064208984
"2024-10-30",73.8877716064453
"2024-10-31",72.9646530151367
"2024-11-01",72.8108062744141
"2024-11-04",73.3973770141602
"2024-11-05",72.4934844970703
"2024-11-06",74.0608520507812
"2024-11-07",73.6473846435547
"2024-11-08",72.6761856079102
"2024-11-11",72.4838562011719
"2024-11-12",71.9838485717773
"2024-11-13",73.1665954589844
"2024-11-14",72.8396530151367
"2024-11-15",72.85888671875
"2024-11-18",73.3781356811523
"2024-11-19",72.4069442749023
"2024-11-20",71.7915344238281
"2024-11-21",73.0608215332031
"2024-11-22",73.1377410888672
"2024-11-25",73.0319595336914
"2024-11-26",73.368537902832
"2024-11-27",74.1762542724609
"2024-11-29",73.9262390136719
"2024-12-02",73.0896682739258
"2024-12-03",72.2146301269531
"2024-12-04",73.0415878295898
"2024-12-05",73.2146606445312
"2024-12-06",72.6569519042969
"2024-12-09",71.2338256835938
"2024-12-10",70.1953201293945
"2024-12-11",70.8107299804688
"2024-12-12",69.6760635375977
"2024-12-13",70.0703125
"2024-12-16",69.7028884887695
"2024-12-17",68.8616943359375
"2024-12-18",67.6820907592773
"2024-12-19",68.7359924316406
"2024-12-20",70.2830276489258
"2024-12-23",70.0703125
"2024-12-24",70.4280548095703
"2024-12-26",70.911491394043
"2024-12-27",70.5827713012695
"2024-12-30",70.1476669311523
"2024-12-31",70.3893737792969
"2025-01-02",70.5634231567383
"2025-01-03",70.399055480957
"2025-01-06",70.0703125
"2025-01-07",70.1863250732422
"2025-01-08",69.0647583007812
"2025-01-10",68.1655426025391
"2025-01-13",68.494270324707
"2025-01-14",70.1863250732422
"2025-01-15",70.6504440307617
"2025-01-16",72.1394424438477
"2025-01-17",72.6035461425781
"2025-01-21",72.6809005737305
"2025-01-22",72.2748107910156
"2025-01-23",72.1297836303711
"2025-01-24",71.3369293212891
"2025-01-27",73.5897827148438
"2025-01-28",72.6809005737305
"2025-01-29",72.9129638671875
"2025-01-30",72.9226226806641
"2025-01-31",71.2209091186523
"2025-02-03",70.679443359375
"2025-02-04",70.3120346069336
"2025-02-05",70.9501724243164
"2025-02-06",72.1104431152344
"2025-02-07",72.216796875
"2025-02-10",72.6035461425781
"2025-02-11",73.4157333374023
"2025-02-12",74.3149337768555
"2025-02-13",73.8701629638672
"2025-02-14",71.8783874511719
"2025-02-18",72.9612884521484
"2025-02-19",72.7872695922852
"2025-02-20",73.7251434326172
"2025-02-21",74.1118927001953
"2025-02-24",75.9683074951172
"2025-02-25",76.4034194946289
"2025-02-26",75.5815658569336
"2025-02-27",77.0512390136719
"2025-02-28",80.1936187744141
"2025-03-03",79.8552093505859
"2025-03-04",77.2059326171875
"2025-03-05",78.6175765991211
"2025-03-06",78.5885848999023
"2025-03-07",78.8206329345703
"2025-03-10",79.207389831543
"2025-03-11",78.9269866943359
"2025-03-12",77.718376159668
"2025-03-13",78.8496398925781
"2025-03-14",80.3773193359375
"2025-03-17",81.514045715332
"2025-03-18",81.6500778198242
"2025-03-19",81.2808837890625
"2025-03-20",81.329460144043
"2025-03-21",80.8145294189453
"2025-03-24",81.8055191040039
"2025-03-25",81.5334777832031
"2025-03-26",81.7958145141602
"2025-03-27",82.0192718505859
"2025-03-28",81.2420120239258
"2025-03-31",84.4676055908203
"2025-04-01",84.3413009643555
"2025-04-02",85.2254180908203
"2025-04-03",83.748649597168
"2025-04-04",76.7048187255859
"2025-04-07",75.3543472290039
"2025-04-08",75.4612197875977
"2025-04-09",80.4647674560547
"2025-04-10",79.0365676879883
"2025-04-11",79.6389541625977
"2025-04-14",79.1822967529297
"2025-04-15",79.6195068359375
"2025-04-16",78.6673736572266
"2025-04-17",78.8325424194336
"2025-04-21",77.1225814819336
"2025-04-22",79.3183288574219
"2025-04-23",79.3280410766602
"2025-04-24",80.1052780151367
"2025-04-25",78.9102630615234
"2025-04-28",79.6000747680664
"2025-04-29",79.6680908203125
"2025-04-30",79.2017288208008
"2025-05-01",78.5410766601562
"2025-05-02",81.2808837890625
"2025-05-05",80.6882247924805
"2025-05-06",80.1830215454102
"2025-05-07",79.3669052124023
"2025-05-08",79.4932098388672
"2025-05-09",80.0664291381836
"2025-05-12",81.0962829589844
"2025-05-13",81.2614517211914
"2025-05-14",79.5612106323242
"2025-05-15",80.8631134033203
"2025-05-16",81.9318237304688
"2025-05-19",81.9415435791016
"2025-05-20",81.6889266967773
"2025-05-21",80.280158996582
"2025-05-22",79.6875076293945
"2025-05-23",79.2988891601562
"2025-05-27",80.804817199707
"2025-05-28",80.3870391845703
"2025-05-29",81.2128601074219
"2025-05-30",82.2330017089844
"2025-06-02",83.321159362793
"2025-06-03",83.1171340942383
"2025-06-04",82.5924835205078
"2025-06-05",82.9908294677734
"2025-06-06",84.8562164306641
"2025-06-09",82.7576599121094
"2025-06-10",81.9318237304688
"2025-06-11",81.9998397827148
"2025-06-12",83.3600311279297
"2025-06-13",82.6372756958008
"2025-06-16",83.4479217529297
"2025-06-17",82.2563629150391
"2025-06-18",82.2856674194336
"2025-06-20",83.145149230957
"2025-06-23",83.8190612792969
"2025-06-24",83.4674530029297
"2025-06-25",81.9438323974609
"2025-06-26",82.988883972168
"2025-06-27",82.6177444458008
"2025-06-30",83.5944137573242
"2025-07-01",83.8678970336914
"2025-07-02",80.4397277832031
"2025-07-03",81.2406158447266
"2025-07-07",81.094108581543
"2025-07-08",81.2601470947266
"2025-07-09",81.1331787109375
"2025-07-10",80.5373992919922
"2025-07-11",79.8732528686523
"2025-07-14",79.7267456054688
"2025-07-15",79.179801940918
"2025-07-16",79.101676940918
"2025-07-17",79.101676940918
"2025-07-18",79.3165435791016
"2025-07-21",78.8965759277344
"2025-07-22",79.5216445922852
"2025-07-23",77.6561889648438
"2025-07-24",77.3827133178711
"2025-07-25",78.2324295043945
"2025-07-28",77.3827133178711
"2025-07-29",77.0799407958984
"2025-07-30",75.6051483154297
"2025-07-31",75.8200149536133
"2025-08-01",75.204704284668
"2025-08-04",76.4646301269531
"2025-08-05",76.6111373901367
"2025-08-06",77.216667175293
"2025-08-07",74.8140258789062
"2025-08-08",76.3083572387695
"2025-08-11",76.7966995239258
"2025-08-12",76.6501922607422
"2025-08-13",78.0273208618164
"2025-08-14",78.4375228881836
"2025-08-15",78.1445236206055
"2025-08-18",78.5058898925781
"2025-08-19",79.3946762084961
"2025-08-20",80.6057662963867
"2025-08-21",80.6643676757812
"2025-08-22",81.4359512329102
"2025-08-25",80.8597106933594
"2025-08-26",80.6546096801758
"2025-08-27",80.2932281494141
"2025-08-28",79.6974487304688
"2025-08-29",79.4239807128906
"2025-09-02",79.1602783203125
"2025-09-03",79.4435119628906
"2025-09-04",79.8244171142578
"2025-09-05",77.3631744384766
"2025-09-08",76.9334259033203
"2025-09-09",76.6501922607422
"2025-09-10",76.1813888549805
"2025-09-11",76.8846054077148
"2025-09-12",77.0897064208984
"2025-09-15",75.234001159668
"2025-09-16",74.9982147216797
"2025-09-17",75.4501342773438
"2025-09-18",76.6585159301758
"2025-09-19",75.6269760131836
"2025-09-22",75.1848831176758
"2025-09-23",75.3518905639648
"2025-09-24",76.5307998657227
"2025-09-25",75.7448577880859
"2025-09-26",76.6093978881836
"2025-09-29",76.5307998657227
"2025-09-30",77.159553527832
"2025-10-01",78.2402267456055
"2025-10-02",78.2402267456055
"2025-10-03",79.5959625244141
"2025-10-06",81.5608062744141
"2025-10-07",82.5727081298828
"2025-10-08",82.5235900878906
"2025-10-09",81.7081680297852
"2025-10-10",79.8710403442383
"2025-10-13",80.3818969726562
"2025-10-14",81.4527435302734
"2025-10-15",79.8317489624023
"2025-10-16",75.6662673950195
"2025-10-17",76.0002899169922
"2025-10-20",76.3245010375977
"2025-10-21",77.0023651123047
"2025-10-22",77.5525207519531
"2025-10-23",77.4641036987305
"2025-10-24",77.6114654541016
"2025-10-27",77.916015625
"2025-10-28",77.0121841430664
"2025-10-29",76.6093978881836
"2025-10-30",76.8157043457031
"2025-10-31",77.5721740722656
"2025-11-03",77.5721740722656
"2025-11-04",79.2914123535156
"2025-11-05",74.9785690307617
"2025-11-06",74.9392700195312
"2025-11-07",75.5778579711914
"2025-11-10",75.5680160522461
"2025-11-11",74.8115539550781
"2025-11-12",76.6290512084961
"2025-11-13",76.9728927612305
"2025-11-14",76.3834381103516
"2025-11-17",75.1161117553711
"2025-11-18",75.7153854370117
"2025-11-19",74.4185943603516
"2025-11-20",74.3596496582031
"2025-11-21",74.6248931884766
"2025-11-24",73.7898330688477
"2025-11-25",73.6916046142578
"2025-11-26",74.7034912109375
"2025-11-28",74.8213882446289
"2025-12-01",75.2634735107422
"2025-12-02",75.5974960327148
"2025-12-03",75.7153854370117
"2025-12-04",75.9216995239258
"2025-12-05",75.6760864257812
"2025-12-08",74.9687423706055
"2025-12-09",75.0768127441406
"2025-12-10",79.654914855957
"2025-12-11",81.393798828125
"2025-12-12",83.4077682495117
"2025-12-15",84.7831649780273
"2025-12-16",83.4894409179688
"2025-12-17",85.0695571899414
"2025-12-18",85.1189422607422
"2025-12-19",84.9609298706055
"2025-12-22",85.3559494018555
"2025-12-23",85.5139617919922
"2025-12-24",85.4448394775391
"2025-12-26",85.4053344726562
"2025-12-29",85.4053344726562
"2025-12-30",85.0596771240234
"2025-12-31",84.4868927001953
"2026-01-02",83.2227935791016
"2026-01-05",83.331428527832
"2026-01-06",77.0998382568359
"2026-01-07",76.1122665405273
"2026-01-08",76.9319534301758
"2026-01-09",74.4926452636719
"2026-01-12",73.1692962646484
"2026-01-13",71.3916702270508
"2026-01-14",72.1323471069336
"2026-01-15",73.1100463867188
"2026-01-16",72.0237197875977
"2026-01-20",71.5398101806641
"2026-01-21",70.9966354370117
"2026-01-22",71.4114151000977
"2026-01-23",71.4212951660156
"2026-01-26",72.8730239868164
"2026-01-27",72.952033996582
"2026-01-28",72.4780044555664
"2026-01-29",73.4359436035156
"2026-01-30",73.9494781494141
"2026-02-02",73.0014114379883
"2026-02-03",73.2088012695312
"2026-02-04",75.4209671020508
"2026-02-05",75.0160598754883
"2026-02-06",75.7666168212891
"2026-02-09",73.96923828125
"2026-02-10",74.067985534668
"2026-02-11",77.4652481079102
"2026-02-12",77.8207702636719
"2026-02-13",77.2973556518555
"2026-02-17",78.4133148193359
"2026-02-18",78.798469543457
"2026-02-19",78.5515747070312
"2026-02-20",79.4403915405273
"2026-02-23",78.9861068725586
"2026-02-24",78.8478469848633
"2026-02-25",79.1539916992188
"2026-02-26",79.3515090942383
"2026-02-27",79.4897689819336
"2026-03-02",80.111946105957
"2026-03-03",78.0775375366211
"2026-03-04",77.3269882202148
"2026-03-05",79.0749893188477
"2026-03-06",77.7417678833008
"2026-03-09",76.6554336547852
"2026-03-10",77.0800933837891
"2026-03-11",77.001091003418
"2026-03-12",75.5296020507812
"2026-03-13",75.7863693237305
"2026-03-16",76.0347213745117
"2026-03-17",76.1340560913086
"2026-03-18",73.8393096923828
"2026-03-19",73.402214050293
"2026-03-20",73.8989105224609
"2026-03-23",74.5942916870117
"2026-03-24",73.8492431640625
"2026-03-25",74.9717864990234
"2026-03-26",73.7797012329102
"2026-03-27",72.4684143066406
"2026-03-30",73.5611572265625
"2026-03-31",74.7532348632812
"2026-04-01",75.0611877441406
"2026-04-02",74.9221115112305
"2026-04-06",75.9155120849609
"2026-04-07",75.6671600341797
"2026-04-08",76.9188461303711
"2026-04-09",77.2069320678711
"2026-04-10",76.3625411987305
"2026-04-13",77.3162078857422
"2026-04-14",76.5115509033203
"2026-04-15",76.5810852050781
"2026-04-16",77.7036285400391
"2026-04-17",78.1605911254883
"2026-04-20",78.0413818359375
"2026-04-21",77.4155426025391
"2026-04-22",75.5280838012695
"2026-04-23",75.8261108398438
"2026-04-24",74.6439590454102
"2026-04-27",73.640625
"2026-04-28",73.6704330444336
"2026-04-29",73.3028717041016
"2026-04-30",74.3062133789062
"2026-05-01",78.2499923706055
"2026-05-04",77.047981262207
"2026-05-05",77.9519805908203
"2026-05-06",77.177131652832
"2026-05-07",75.9254455566406
"2026-05-08",75.8559112548828
"2026-05-11",75.5578842163086
"2026-05-12",75.8956451416016
"2026-05-13",75.2797393798828
"2026-05-14",75.2101974487305
"2026-05-15",75.6075592041016
"2026-05-18",77.8427047729492
"2026-05-19",77.018180847168
"2026-05-20",77.5148849487305
"2026-05-21",78.1009902954102
"2026-05-22",76.5413589477539
"2026-05-26",76.6804351806641
"2026-05-27",74.7731018066406
"2026-05-28",73.9088516235352
"2026-05-29",73.7399749755859
"2026-06-01",72.9651184082031
"2026-06-02",73.3128128051758
"2026-06-03",72.0710601806641
"2026-06-04",72.9551849365234
"2026-06-05",74.9916534423828
"2026-06-08",73.6108245849609
"2026-06-09",73.432014465332
"2026-06-10",74.4452819824219
"2026-06-11",74.8227767944336
"2026-06-12",75.2399978637695
"2026-06-15",74.879997253418
"2026-06-16",75.2099990844727
"2026-06-17",74.7699966430664
"2026-06-18",74.0199966430664
"2026-06-22",76.370002746582
"2026-06-23",76.5299987792969
"2026-06-24",76.1399993896484
"2026-06-25",74.8499984741211
"2026-06-26",75.5699996948242
"2026-06-29",75.120002746582
"2026-06-30",74.5299987792969
"2026-07-01",76.5899963378906
"2026-07-02",79.3899993896484
"2026-07-06",80.75
"2026-07-07",81.0599975585938
"2026-07-08",79.620002746582
"2026-07-09",79.1100006103516
"2026-07-10",79.1699981689453
"2026-07-13",79.9000015258789
"2026-07-14",79
"2026-07-15",76.7799987792969
"2026-07-16",78.0299987792969
"2026-07-17",80.5
"2026-07-20",79.8000030517578
"2026-07-21",80.2399978637695
"2026-07-22",78.25
"2026-07-23",78.1600036621094
"2026-07-24",79.0599975585938
"2026-07-27",79.1600036621094
"2026-07-28",80.8300018310547
"2026-07-29",80.1999969482422
"2026-07-30",78.8899993896484
"2026-07-31",78.5800018310547
"2026-08-03",78.7900009155273
"2026-08-04",79.3199996948242
"2026-08-05",80.120002746582
"2026-08-06",79.9700012207031
"2026-08-07",78.7799987792969
"2026-08-10",77.6100006103516
"2026-08-11",77.3099975585938
"2026-08-12",76.1399993896484
"2026-08-13",76.0299987792969
"2026-08-14",76.6399993896484
"2026-08-17",75.8099975585938
"2026-08-18",76.120002746582
"2026-08-19",75.6999969482422
"2026-08-20",75.75
"2026-08-21",76.120002746582
"2026-08-24",77.379997253418
"2026-08-25",76.379997253418
"2026-08-26",76.9700012207031
"2026-08-27",76.629997253418
"2026-08-28",76.9300003051758
"2026-08-31",76.3600006103516
"2026-09-01",75.879997253418
"2026-09-02",76.129997253418
"2026-09-03",76.8600006103516
"2026-09-04",76.2099990844727
